week_end,commodity_canonical,city_min,city_median,city_max,city_iqr,city_mean,city_std,max_min_ratio,coefficient_variation
2026-08-27,bananas_kela_local,165.1,200.0,261.84,43.73000000000002,205.1057142857143,36.400236197559146,1.585947910357359,0.17747060984782342
2026-08-27,beef_with_bone_average_quality,1183.1,1300.0,1515.94,227.875,1331.0614285714287,137.38882443980802,1.2813287127039137,0.10321749356621472
2026-08-27,bread_plain_small_size,100.0,120.0,130.0,0.0,118.57142857142857,8.997354108424375,1.3,0.07588129970960317
2026-08-27,chicken_farm_broiler_live,343.0,368.0,375.0,18.414999999999964,362.59285714285716,13.1363956424961,1.0932944606413995,0.036229052458472785
2026-08-27,chilies_powder_national_200_gm_packet,380.0,380.0,380.0,0.0,380.0,0.0,1.0,0.0
2026-08-27,cigarettes_capstan_20_s_packet,240.0,250.0,270.0,5.0,252.85714285714286,9.511897312113419,1.125,0.037617672985759285
2026-08-27,cooked_beef_at_average_hotel,300.0,336.27,450.0,35.15499999999997,346.3,49.67454713767739,1.5,0.14344368217637132
2026-08-27,cooked_daal_at_average_hotel,150.0,190.0,241.4,39.28999999999999,190.4057142857143,33.72218550506618,1.6093333333333333,0.1771070034928898
2026-08-27,cooking_oil_dalda_or_other_similar_brand_sn_5_litre_tin,3065.0,3090.0,3090.0,12.5,3082.8571428571427,12.198750911856663,1.0081566068515497,0.003956962761028575
2026-08-27,curd_dahi_loose,222.02,240.0,272.37,28.194999999999993,245.3342857142857,19.683014553283293,1.2267813710476534,0.08022936743625785
2026-08-27,eggs_hen_farm,240.0,241.0,270.0,9.454999999999984,247.41571428571427,10.918290246405881,1.125,0.04412933219673145
2026-08-27,electricity_charges_for_q1,6.45,6.45,6.45,0.0,6.45,0.0,1.0,0.0
2026-08-27,energy_saver_philips_14_watt,260.4,550.0,575.0,211.685,451.7185714285714,137.9067574400147,2.208141321044547,0.3052935304472453
2026-08-27,firewood_whole,1383.13,1800.0,2139.27,235.05999999999995,1788.097142857143,243.87329631827834,1.5466875854041195,0.136387051057305
2026-08-27,garlic_lehsun,300.0,382.59,450.0,80.57499999999999,378.35714285714283,56.06186247182235,1.5,0.14817180944034605
2026-08-27,gas_charges_for_q1,2566.5,2566.5,2566.5,0.0,2566.5,0.0,1.0,0.0
2026-08-27,gents_sandal_bata,2499.0,2499.0,2499.0,0.0,2499.0,0.0,1.0,0.0
2026-08-27,gents_sponge_chappal_bata,699.0,699.0,699.0,0.0,699.0,0.0,1.0,0.0
2026-08-27,georgette_average_quality,250.0,400.0,424.98,98.38999999999999,367.39428571428573,69.85552372746264,1.69992,0.19013775239222885
2026-08-27,gur_average_quality,210.0,226.47,267.97,25.315000000000026,234.53,20.783981011025464,1.276047619047619,0.08861971181096433
2026-08-27,hi_speed_diesel,371.8,373.32,375.23,1.295000000000016,373.68,1.1678042073338706,1.0092253899946209,0.0031251450635138905
2026-08-27,ladies_sandal_bata,1499.0,1499.0,1499.0,0.0,1499.0,0.0,1.0,0.0
2026-08-27,lawn_printed_gul_ahmed_al_karam,634.78,700.0,830.51,66.80999999999995,707.9528571428572,65.72297282642391,1.3083430479851288,0.09283523918763101
2026-08-27,long_cloth_57_gul_ahmed_al_karam,659.85,700.0,850.0,74.16000000000008,736.8814285714286,65.3067473360835,1.2881715541410925,0.08862585594359715
2026-08-27,lpg_11_67_kg_cylinder,4600.0,4788.74,5252.23,236.23000000000047,4848.564285714286,219.8701013369137,1.1417891304347825,0.045347465431103934
2026-08-27,match_box,6.0,6.0,7.0,0.6600000000000001,6.331428571428572,0.4714314574226238,1.1666666666666667,0.07445893957487289
2026-08-27,milk_fresh_un_boiled,176.6,212.79,250.66,21.985000000000014,217.26285714285714,24.399913056051194,1.419365798414496,0.11230595683461662
2026-08-27,mustard_oil_average_quality,500.0,560.0,686.46,87.95499999999993,574.6242857142857,72.68565375577742,1.3729200000000001,0.1264924848510808
2026-08-27,mutton_average_quality,2183.21,2600.0,2928.23,367.9449999999997,2606.761428571429,267.12014733876924,1.3412498110580293,0.10247203461390704
2026-08-27,onions,156.59,196.61,225.48,24.019999999999982,195.69714285714286,23.35019394229643,1.4399386934031546,0.11931801150179212
2026-08-27,petrol_super,343.1,344.62,346.53,1.2899999999999636,344.9814285714286,1.1671393600227262,1.009997085397843,0.003383194755891242
2026-08-27,potatoes,56.9,60.0,79.69,10.004999999999995,65.22857142857143,8.316674873552587,1.4005272407732865,0.12750049083413953
2026-08-27,powdered_milk_nido_390_gm_polybag,1153.32,1170.0,1200.0,12.040000000000191,1173.4342857142858,14.720928251011516,1.0404744563520967,0.012545166295401606
2026-08-27,pulse_gram,216.47,256.62,309.73,29.160000000000025,262.3314285714286,31.51440275417545,1.4308218228853884,0.12013201363554725
2026-08-27,pulse_mash_washed,426.24,473.71,512.99,45.25999999999999,466.2085714285714,32.37942063954172,1.2035238363363363,0.0694526497878914
2026-08-27,pulse_masoor_washed,235.19,249.1,302.36,36.93000000000001,260.0728571428571,28.92411779944534,1.2855988775032954,0.11121544215418613
2026-08-27,pulse_moong_washed,270.0,346.54,396.27,38.64999999999998,342.0957142857143,40.33618551505288,1.4676666666666667,0.11790906413216443
2026-08-27,rice_basmati_broken_average_quality,160.0,228.47,274.83,66.85999999999999,219.5742857142857,44.54921842080691,1.7176874999999998,0.20288905085532288
2026-08-27,rice_irri_6_9_sindh_punjab,0.0,160.0,186.61,171.45499999999998,98.50285714285714,92.55672543802272,,0.9396349316425326
2026-08-27,salt_powdered_national_shan_800_gm_packet,60.0,60.0,70.0,0.0,61.42857142857143,3.7796447300922718,1.1666666666666667,0.06152910025731605
2026-08-27,shirting_average_quality,464.01,691.63,866.35,162.12,663.7471428571428,135.29064364228168,1.8670933816081552,0.20382858909179527
2026-08-27,sufi_washing_soap_250_gm_cake,130.0,150.0,153.26,8.775000000000006,145.33285714285714,8.208082833982843,1.178923076923077,0.056477819230613374
2026-08-27,sugar_refined,145.0,150.0,150.0,3.344999999999999,148.32999999999998,2.357039103055638,1.0344827586206897,0.01589050834663007
2026-08-27,tea_lipton_yellow_label_190_gm_packet,469.41,469.41,469.41,0.0,469.41,0.0,1.0,0.0
2026-08-27,tea_prepared_ordinary,50.0,69.9,73.19,5.8500000000000085,66.29857142857142,7.907910445816116,1.4638,0.11927723743393052
2026-08-27,telephone_call_charges,1.79,1.79,1.79,0.0,1.7900000000000003,0.0,1.0,0.0
2026-08-27,toilet_soap_lifebuoy_115_gm,117.0,136.02,136.02,0.0,133.30285714285716,7.188884276635508,1.1625641025641027,0.053928958693896335
2026-08-27,tomatoes,200.0,250.0,280.0,42.97500000000005,244.54714285714286,32.12679448388096,1.4,0.13137260206163387
2026-08-27,vegetable_ghee_dalda_habib_2_5_kg_tin,1565.0,1580.0,1580.0,0.0,1577.857142857143,5.669467095138407,1.0095846645367412,0.0035931434736051473
2026-08-27,vegetable_ghee_dalda_habib_or_other_superior_quality_1_kg_pouch,615.0,615.0,615.0,0.0,615.0,0.0,1.0,0.0
2026-08-27,wheat_flour_bag,2200.0,2583.72,3047.64,356.4449999999997,2550.055714285714,298.01208900854687,1.3852909090909091,0.11686493253423752
