week_end,city,commodity_raw,commodity_canonical,unit_raw,unit_canonical,source_url,source_file,parser_version,price_min,price_avg,price_max,price,weekly_pct_change,lag_1_pct_change,lag_2_pct_change,rolling_4w_volatility,national_item_median,city_relative_price_gap,city_vs_national_gap
2026-08-27,Faisalabad,Bananas (Kela) Local,bananas_kela_local,1 Dozen,1 dozen,https://www.pbs.gov.pk/wp-content/uploads/2020/07/Annex_27.08.2026.xlsx,data/raw/pbs_history/2026-08-27_phase1.xlsx,pbs-weekly-v2,200.0,200.0,200.0,200.0,,,,,200.0,0.0,0.0
2026-08-27,Faisalabad,Beef with Bone (Average Quality),beef_with_bone_average_quality,1 Kg,1 kg,https://www.pbs.gov.pk/wp-content/uploads/2020/07/Annex_27.08.2026.xlsx,data/raw/pbs_history/2026-08-27_phase1.xlsx,pbs-weekly-v2,1400.0,1400.0,1400.0,1400.0,,,,,1300.0,0.07692307692307687,0.07692307692307687
2026-08-27,Faisalabad,Bread plain (Small Size),bread_plain_small_size,Each,each,https://www.pbs.gov.pk/wp-content/uploads/2020/07/Annex_27.08.2026.xlsx,data/raw/pbs_history/2026-08-27_phase1.xlsx,pbs-weekly-v2,120.0,120.0,120.0,120.0,,,,,120.0,0.0,0.0
2026-08-27,Faisalabad,Chicken Farm Broiler (Live),chicken_farm_broiler_live,1 Kg,1 kg,https://www.pbs.gov.pk/wp-content/uploads/2020/07/Annex_27.08.2026.xlsx,data/raw/pbs_history/2026-08-27_phase1.xlsx,pbs-weekly-v2,375.0,375.0,375.0,375.0,,,,,368.0,0.01902173913043481,0.01902173913043481
2026-08-27,Faisalabad,Chilies Powder NATIONAL 200 gm Packet,chilies_powder_national_200_gm_packet,Each,each,https://www.pbs.gov.pk/wp-content/uploads/2020/07/Annex_27.08.2026.xlsx,data/raw/pbs_history/2026-08-27_phase1.xlsx,pbs-weekly-v2,380.0,380.0,380.0,380.0,,,,,380.0,0.0,0.0
2026-08-27,Faisalabad,Cigarettes Capstan 20'S Packet,cigarettes_capstan_20_s_packet,Each,each,https://www.pbs.gov.pk/wp-content/uploads/2020/07/Annex_27.08.2026.xlsx,data/raw/pbs_history/2026-08-27_phase1.xlsx,pbs-weekly-v2,250.0,250.0,250.0,250.0,,,,,250.0,0.0,0.0
2026-08-27,Faisalabad,Cooked Beef at Average Hotel,cooked_beef_at_average_hotel,Per Plate,per plate,https://www.pbs.gov.pk/wp-content/uploads/2020/07/Annex_27.08.2026.xlsx,data/raw/pbs_history/2026-08-27_phase1.xlsx,pbs-weekly-v2,300.0,315.82,350.0,315.82,,,,,336.27,-0.0608142266630981,-0.0608142266630981
2026-08-27,Faisalabad,Cooked Daal at Average Hotel,cooked_daal_at_average_hotel,Per Plate,per plate,https://www.pbs.gov.pk/wp-content/uploads/2020/07/Annex_27.08.2026.xlsx,data/raw/pbs_history/2026-08-27_phase1.xlsx,pbs-weekly-v2,180.0,186.43,200.0,186.43,,,,,190.0,-0.018789473684210467,-0.018789473684210467
2026-08-27,Faisalabad,"Cooking Oil DALDA or Other Similar Brand (SN), 5 Litre Tin",cooking_oil_dalda_or_other_similar_brand_sn_5_litre_tin,Each,each,https://www.pbs.gov.pk/wp-content/uploads/2020/07/Annex_27.08.2026.xlsx,data/raw/pbs_history/2026-08-27_phase1.xlsx,pbs-weekly-v2,3090.0,3090.0,3090.0,3090.0,,,,,3090.0,0.0,0.0
2026-08-27,Faisalabad,Curd (Dahi) Loose,curd_dahi_loose,1 Kg,1 kg,https://www.pbs.gov.pk/wp-content/uploads/2020/07/Annex_27.08.2026.xlsx,data/raw/pbs_history/2026-08-27_phase1.xlsx,pbs-weekly-v2,240.0,240.0,240.0,240.0,,,,,240.0,0.0,0.0
2026-08-27,Faisalabad,Eggs Hen (Farm),eggs_hen_farm,1 Dozen,1 dozen,https://www.pbs.gov.pk/wp-content/uploads/2020/07/Annex_27.08.2026.xlsx,data/raw/pbs_history/2026-08-27_phase1.xlsx,pbs-weekly-v2,241.0,241.0,241.0,241.0,,,,,241.0,0.0,0.0
2026-08-27,Faisalabad,Electricity Charges for Q1*,electricity_charges_for_q1,Per Unit,per unit,https://www.pbs.gov.pk/wp-content/uploads/2020/07/Annex_27.08.2026.xlsx,data/raw/pbs_history/2026-08-27_phase1.xlsx,pbs-weekly-v2,6.45,6.45,6.45,6.45,,,,,6.45,0.0,0.0
2026-08-27,Faisalabad,Energy Saver Philips 14 Watt,energy_saver_philips_14_watt,Each,each,https://www.pbs.gov.pk/wp-content/uploads/2020/07/Annex_27.08.2026.xlsx,data/raw/pbs_history/2026-08-27_phase1.xlsx,pbs-weekly-v2,400.0,400.0,400.0,400.0,,,,,550.0,-0.2727272727272727,-0.2727272727272727
2026-08-27,Faisalabad,Firewood Whole,firewood_whole,40 Kg,40 kg,https://www.pbs.gov.pk/wp-content/uploads/2020/07/Annex_27.08.2026.xlsx,data/raw/pbs_history/2026-08-27_phase1.xlsx,pbs-weekly-v2,1800.0,1800.0,1800.0,1800.0,,,,,1800.0,0.0,0.0
2026-08-27,Faisalabad,Garlic (Lehsun),garlic_lehsun,1 Kg,1 kg,https://www.pbs.gov.pk/wp-content/uploads/2020/07/Annex_27.08.2026.xlsx,data/raw/pbs_history/2026-08-27_phase1.xlsx,pbs-weekly-v2,300.0,300.0,300.0,300.0,,,,,382.59,-0.21587077550380296,-0.21587077550380296
2026-08-27,Faisalabad,Gas Charges for Q1,gas_charges_for_q1,MMBTU,mmbtu,https://www.pbs.gov.pk/wp-content/uploads/2020/07/Annex_27.08.2026.xlsx,data/raw/pbs_history/2026-08-27_phase1.xlsx,pbs-weekly-v2,2566.5,2566.5,2566.5,2566.5,,,,,2566.5,0.0,0.0
2026-08-27,Faisalabad,Gents Sandal Bata,gents_sandal_bata,Pair,pair,https://www.pbs.gov.pk/wp-content/uploads/2020/07/Annex_27.08.2026.xlsx,data/raw/pbs_history/2026-08-27_phase1.xlsx,pbs-weekly-v2,2499.0,2499.0,2499.0,2499.0,,,,,2499.0,0.0,0.0
2026-08-27,Faisalabad,Gents Sponge Chappal Bata,gents_sponge_chappal_bata,Pair,pair,https://www.pbs.gov.pk/wp-content/uploads/2020/07/Annex_27.08.2026.xlsx,data/raw/pbs_history/2026-08-27_phase1.xlsx,pbs-weekly-v2,699.0,699.0,699.0,699.0,,,,,699.0,0.0,0.0
2026-08-27,Faisalabad,Georgette (Average Quality),georgette_average_quality,1 mtr,1 mtr,https://www.pbs.gov.pk/wp-content/uploads/2020/07/Annex_27.08.2026.xlsx,data/raw/pbs_history/2026-08-27_phase1.xlsx,pbs-weekly-v2,350.0,350.0,350.0,350.0,,,,,400.0,-0.125,-0.125
2026-08-27,Faisalabad,Gur (Average Quality),gur_average_quality,1 Kg,1 kg,https://www.pbs.gov.pk/wp-content/uploads/2020/07/Annex_27.08.2026.xlsx,data/raw/pbs_history/2026-08-27_phase1.xlsx,pbs-weekly-v2,220.0,226.47,240.0,226.47,,,,,226.47,0.0,0.0
2026-08-27,Faisalabad,Hi-Speed Diesel,hi_speed_diesel,Per Litre,per litre,https://www.pbs.gov.pk/wp-content/uploads/2020/07/Annex_27.08.2026.xlsx,data/raw/pbs_history/2026-08-27_phase1.xlsx,pbs-weekly-v2,373.2,373.2,373.2,373.2,,,,,373.32,-0.00032144005143042165,-0.00032144005143042165
2026-08-27,Faisalabad,Ladies Sandal Bata,ladies_sandal_bata,Pair,pair,https://www.pbs.gov.pk/wp-content/uploads/2020/07/Annex_27.08.2026.xlsx,data/raw/pbs_history/2026-08-27_phase1.xlsx,pbs-weekly-v2,1499.0,1499.0,1499.0,1499.0,,,,,1499.0,0.0,0.0
2026-08-27,Faisalabad,Lawn Printed Gul Ahmed/Al Karam,lawn_printed_gul_ahmed_al_karam,1 mtr,1 mtr,https://www.pbs.gov.pk/wp-content/uploads/2020/07/Annex_27.08.2026.xlsx,data/raw/pbs_history/2026-08-27_phase1.xlsx,pbs-weekly-v2,650.0,666.26,700.0,666.26,,,,,700.0,-0.04820000000000002,-0.04820000000000002
2026-08-27,Faisalabad,"Long Cloth 57"" Gul Ahmed/Al Karam",long_cloth_57_gul_ahmed_al_karam,1 mtr,1 mtr,https://www.pbs.gov.pk/wp-content/uploads/2020/07/Annex_27.08.2026.xlsx,data/raw/pbs_history/2026-08-27_phase1.xlsx,pbs-weekly-v2,650.0,659.85,680.0,659.85,,,,,700.0,-0.05735714285714277,-0.05735714285714277
2026-08-27,Faisalabad,LPG 11.67 kg Cylinder,lpg_11_67_kg_cylinder,Each,each,https://www.pbs.gov.pk/wp-content/uploads/2020/07/Annex_27.08.2026.xlsx,data/raw/pbs_history/2026-08-27_phase1.xlsx,pbs-weekly-v2,4900.0,4900.0,4900.0,4900.0,,,,,4788.74,0.02323366898182,0.02323366898182
2026-08-27,Faisalabad,Match Box,match_box,Each,each,https://www.pbs.gov.pk/wp-content/uploads/2020/07/Annex_27.08.2026.xlsx,data/raw/pbs_history/2026-08-27_phase1.xlsx,pbs-weekly-v2,7.0,7.0,7.0,7.0,,,,,6.0,0.16666666666666674,0.16666666666666674
2026-08-27,Faisalabad,Milk fresh (Un-boiled),milk_fresh_un_boiled,1 Ltr,1 ltr,https://www.pbs.gov.pk/wp-content/uploads/2020/07/Annex_27.08.2026.xlsx,data/raw/pbs_history/2026-08-27_phase1.xlsx,pbs-weekly-v2,200.0,206.46,220.0,206.46,,,,,212.79,-0.029747638516847474,-0.029747638516847474
2026-08-27,Faisalabad,Mustard Oil (Average Quality),mustard_oil_average_quality,1 Kg,1 kg,https://www.pbs.gov.pk/wp-content/uploads/2020/07/Annex_27.08.2026.xlsx,data/raw/pbs_history/2026-08-27_phase1.xlsx,pbs-weekly-v2,560.0,560.0,560.0,560.0,,,,,560.0,0.0,0.0
2026-08-27,Faisalabad,Mutton (Average Quality),mutton_average_quality,1 Kg,1 kg,https://www.pbs.gov.pk/wp-content/uploads/2020/07/Annex_27.08.2026.xlsx,data/raw/pbs_history/2026-08-27_phase1.xlsx,pbs-weekly-v2,2400.0,2400.0,2400.0,2400.0,,,,,2600.0,-0.07692307692307687,-0.07692307692307687
2026-08-27,Faisalabad,Onions,onions,1 Kg,1 kg,https://www.pbs.gov.pk/wp-content/uploads/2020/07/Annex_27.08.2026.xlsx,data/raw/pbs_history/2026-08-27_phase1.xlsx,pbs-weekly-v2,180.0,180.0,180.0,180.0,,,,,196.61,-0.08448196938100816,-0.08448196938100816
2026-08-27,Faisalabad,Petrol Super,petrol_super,Per Litre,per litre,https://www.pbs.gov.pk/wp-content/uploads/2020/07/Annex_27.08.2026.xlsx,data/raw/pbs_history/2026-08-27_phase1.xlsx,pbs-weekly-v2,344.5,344.5,344.5,344.5,,,,,344.62,-0.00034820962219261897,-0.00034820962219261897
2026-08-27,Faisalabad,Potatoes,potatoes,1 Kg,1 kg,https://www.pbs.gov.pk/wp-content/uploads/2020/07/Annex_27.08.2026.xlsx,data/raw/pbs_history/2026-08-27_phase1.xlsx,pbs-weekly-v2,60.0,60.0,60.0,60.0,,,,,60.0,0.0,0.0
2026-08-27,Faisalabad,Powdered Milk NIDO 390 gm Polybag,powdered_milk_nido_390_gm_polybag,Each,each,https://www.pbs.gov.pk/wp-content/uploads/2020/07/Annex_27.08.2026.xlsx,data/raw/pbs_history/2026-08-27_phase1.xlsx,pbs-weekly-v2,1170.0,1170.0,1170.0,1170.0,,,,,1170.0,0.0,0.0
2026-08-27,Faisalabad,Pulse Gram,pulse_gram,1 Kg,1 kg,https://www.pbs.gov.pk/wp-content/uploads/2020/07/Annex_27.08.2026.xlsx,data/raw/pbs_history/2026-08-27_phase1.xlsx,pbs-weekly-v2,210.0,216.47,230.0,216.47,,,,,256.62,-0.1564570181591458,-0.1564570181591458
2026-08-27,Faisalabad,Pulse Mash (Washed),pulse_mash_washed,1 Kg,1 kg,https://www.pbs.gov.pk/wp-content/uploads/2020/07/Annex_27.08.2026.xlsx,data/raw/pbs_history/2026-08-27_phase1.xlsx,pbs-weekly-v2,400.0,426.24,440.0,426.24,,,,,473.71,-0.10020898862173055,-0.10020898862173055
2026-08-27,Faisalabad,Pulse Masoor (Washed),pulse_masoor_washed,1 Kg,1 kg,https://www.pbs.gov.pk/wp-content/uploads/2020/07/Annex_27.08.2026.xlsx,data/raw/pbs_history/2026-08-27_phase1.xlsx,pbs-weekly-v2,230.0,249.1,280.0,249.1,,,,,249.1,0.0,0.0
2026-08-27,Faisalabad,Pulse Moong (Washed),pulse_moong_washed,1 Kg,1 kg,https://www.pbs.gov.pk/wp-content/uploads/2020/07/Annex_27.08.2026.xlsx,data/raw/pbs_history/2026-08-27_phase1.xlsx,pbs-weekly-v2,340.0,346.54,360.0,346.54,,,,,346.54,0.0,0.0
2026-08-27,Faisalabad,Rice Basmati Broken (Average Quality),rice_basmati_broken_average_quality,1 Kg,1 kg,https://www.pbs.gov.pk/wp-content/uploads/2020/07/Annex_27.08.2026.xlsx,data/raw/pbs_history/2026-08-27_phase1.xlsx,pbs-weekly-v2,220.0,233.14,240.0,233.14,,,,,228.47,0.020440320392173916,0.020440320392173916
2026-08-27,Faisalabad,Rice IRRI-6/9 (Sindh/Punjab),rice_irri_6_9_sindh_punjab,1 Kg,1 kg,https://www.pbs.gov.pk/wp-content/uploads/2020/07/Annex_27.08.2026.xlsx,data/raw/pbs_history/2026-08-27_phase1.xlsx,pbs-weekly-v2,160.0,160.0,160.0,160.0,,,,,160.0,0.0,0.0
2026-08-27,Faisalabad,Salt Powdered (NATIONAL/SHAN) 800 gm Packet,salt_powdered_national_shan_800_gm_packet,Each,each,https://www.pbs.gov.pk/wp-content/uploads/2020/07/Annex_27.08.2026.xlsx,data/raw/pbs_history/2026-08-27_phase1.xlsx,pbs-weekly-v2,60.0,60.0,60.0,60.0,,,,,60.0,0.0,0.0
2026-08-27,Faisalabad,Shirting (Average Quality),shirting_average_quality,1 mtr,1 mtr,https://www.pbs.gov.pk/wp-content/uploads/2020/07/Annex_27.08.2026.xlsx,data/raw/pbs_history/2026-08-27_phase1.xlsx,pbs-weekly-v2,850.0,866.35,900.0,866.35,,,,,691.63,0.2526206208521897,0.2526206208521897
2026-08-27,Faisalabad,Sufi Washing Soap 250 gm Cake,sufi_washing_soap_250_gm_cake,Each,each,https://www.pbs.gov.pk/wp-content/uploads/2020/07/Annex_27.08.2026.xlsx,data/raw/pbs_history/2026-08-27_phase1.xlsx,pbs-weekly-v2,140.0,140.0,140.0,140.0,,,,,150.0,-0.06666666666666665,-0.06666666666666665
2026-08-27,Faisalabad,Sugar Refined,sugar_refined,1 Kg,1 kg,https://www.pbs.gov.pk/wp-content/uploads/2020/07/Annex_27.08.2026.xlsx,data/raw/pbs_history/2026-08-27_phase1.xlsx,pbs-weekly-v2,150.0,150.0,150.0,150.0,,,,,150.0,0.0,0.0
2026-08-27,Faisalabad,Tea Lipton Yellow Label 190 gm Packet,tea_lipton_yellow_label_190_gm_packet,Each,each,https://www.pbs.gov.pk/wp-content/uploads/2020/07/Annex_27.08.2026.xlsx,data/raw/pbs_history/2026-08-27_phase1.xlsx,pbs-weekly-v2,469.41,469.41,469.41,469.41,,,,,469.41,0.0,0.0
2026-08-27,Faisalabad,Tea Prepared Ordinary,tea_prepared_ordinary,Per Cup,per cup,https://www.pbs.gov.pk/wp-content/uploads/2020/07/Annex_27.08.2026.xlsx,data/raw/pbs_history/2026-08-27_phase1.xlsx,pbs-weekly-v2,60.0,63.16,70.0,63.16,,,,,69.9,-0.09642346208869823,-0.09642346208869823
2026-08-27,Faisalabad,Telephone Call Charges,telephone_call_charges,Per Minute,per minute,https://www.pbs.gov.pk/wp-content/uploads/2020/07/Annex_27.08.2026.xlsx,data/raw/pbs_history/2026-08-27_phase1.xlsx,pbs-weekly-v2,1.79,1.79,1.79,1.79,,,,,1.79,0.0,0.0
2026-08-27,Faisalabad,Toilet Soap LIFEBUOY 115 gm,toilet_soap_lifebuoy_115_gm,Each,each,https://www.pbs.gov.pk/wp-content/uploads/2020/07/Annex_27.08.2026.xlsx,data/raw/pbs_history/2026-08-27_phase1.xlsx,pbs-weekly-v2,136.02,136.02,136.02,136.02,,,,,136.02,0.0,0.0
2026-08-27,Faisalabad,Tomatoes,tomatoes,1 Kg,1 kg,https://www.pbs.gov.pk/wp-content/uploads/2020/07/Annex_27.08.2026.xlsx,data/raw/pbs_history/2026-08-27_phase1.xlsx,pbs-weekly-v2,250.0,250.0,250.0,250.0,,,,,250.0,0.0,0.0
2026-08-27,Faisalabad,Vegetable Ghee DALDA/HABIB 2.5 kg Tin,vegetable_ghee_dalda_habib_2_5_kg_tin,Each,each,https://www.pbs.gov.pk/wp-content/uploads/2020/07/Annex_27.08.2026.xlsx,data/raw/pbs_history/2026-08-27_phase1.xlsx,pbs-weekly-v2,1580.0,1580.0,1580.0,1580.0,,,,,1580.0,0.0,0.0
2026-08-27,Faisalabad,Vegetable Ghee DALDA/HABIB or Other superior Quality 1 kg Pouch,vegetable_ghee_dalda_habib_or_other_superior_quality_1_kg_pouch,Each,each,https://www.pbs.gov.pk/wp-content/uploads/2020/07/Annex_27.08.2026.xlsx,data/raw/pbs_history/2026-08-27_phase1.xlsx,pbs-weekly-v2,615.0,615.0,615.0,615.0,,,,,615.0,0.0,0.0
2026-08-27,Faisalabad,Wheat Flour Bag,wheat_flour_bag,20 Kg,20 kg,https://www.pbs.gov.pk/wp-content/uploads/2020/07/Annex_27.08.2026.xlsx,data/raw/pbs_history/2026-08-27_phase1.xlsx,pbs-weekly-v2,2200.0,2200.0,2200.0,2200.0,,,,,2583.72,-0.14851454491972804,-0.14851454491972804
2026-08-27,Gujranwala,Bananas (Kela) Local,bananas_kela_local,1 Dozen,1 dozen,https://www.pbs.gov.pk/wp-content/uploads/2020/07/Annex_27.08.2026.xlsx,data/raw/pbs_history/2026-08-27_phase1.xlsx,pbs-weekly-v2,150.0,165.1,200.0,165.1,,,,,200.0,-0.1745,-0.1745
2026-08-27,Gujranwala,Beef with Bone (Average Quality),beef_with_bone_average_quality,1 Kg,1 kg,https://www.pbs.gov.pk/wp-content/uploads/2020/07/Annex_27.08.2026.xlsx,data/raw/pbs_history/2026-08-27_phase1.xlsx,pbs-weekly-v2,1200.0,1200.0,1200.0,1200.0,,,,,1300.0,-0.07692307692307687,-0.07692307692307687
2026-08-27,Gujranwala,Bread plain (Small Size),bread_plain_small_size,Each,each,https://www.pbs.gov.pk/wp-content/uploads/2020/07/Annex_27.08.2026.xlsx,data/raw/pbs_history/2026-08-27_phase1.xlsx,pbs-weekly-v2,120.0,120.0,120.0,120.0,,,,,120.0,0.0,0.0
2026-08-27,Gujranwala,Chicken Farm Broiler (Live),chicken_farm_broiler_live,1 Kg,1 kg,https://www.pbs.gov.pk/wp-content/uploads/2020/07/Annex_27.08.2026.xlsx,data/raw/pbs_history/2026-08-27_phase1.xlsx,pbs-weekly-v2,346.0,346.0,346.0,346.0,,,,,368.0,-0.05978260869565222,-0.05978260869565222
2026-08-27,Gujranwala,Chilies Powder NATIONAL 200 gm Packet,chilies_powder_national_200_gm_packet,Each,each,https://www.pbs.gov.pk/wp-content/uploads/2020/07/Annex_27.08.2026.xlsx,data/raw/pbs_history/2026-08-27_phase1.xlsx,pbs-weekly-v2,380.0,380.0,380.0,380.0,,,,,380.0,0.0,0.0
2026-08-27,Gujranwala,Cigarettes Capstan 20'S Packet,cigarettes_capstan_20_s_packet,Each,each,https://www.pbs.gov.pk/wp-content/uploads/2020/07/Annex_27.08.2026.xlsx,data/raw/pbs_history/2026-08-27_phase1.xlsx,pbs-weekly-v2,250.0,250.0,250.0,250.0,,,,,250.0,0.0,0.0
2026-08-27,Gujranwala,Cooked Beef at Average Hotel,cooked_beef_at_average_hotel,Per Plate,per plate,https://www.pbs.gov.pk/wp-content/uploads/2020/07/Annex_27.08.2026.xlsx,data/raw/pbs_history/2026-08-27_phase1.xlsx,pbs-weekly-v2,450.0,450.0,450.0,450.0,,,,,336.27,0.33821036666964055,0.33821036666964055
2026-08-27,Gujranwala,Cooked Daal at Average Hotel,cooked_daal_at_average_hotel,Per Plate,per plate,https://www.pbs.gov.pk/wp-content/uploads/2020/07/Annex_27.08.2026.xlsx,data/raw/pbs_history/2026-08-27_phase1.xlsx,pbs-weekly-v2,150.0,150.0,150.0,150.0,,,,,190.0,-0.21052631578947367,-0.21052631578947367
2026-08-27,Gujranwala,"Cooking Oil DALDA or Other Similar Brand (SN), 5 Litre Tin",cooking_oil_dalda_or_other_similar_brand_sn_5_litre_tin,Each,each,https://www.pbs.gov.pk/wp-content/uploads/2020/07/Annex_27.08.2026.xlsx,data/raw/pbs_history/2026-08-27_phase1.xlsx,pbs-weekly-v2,3090.0,3090.0,3090.0,3090.0,,,,,3090.0,0.0,0.0
2026-08-27,Gujranwala,Curd (Dahi) Loose,curd_dahi_loose,1 Kg,1 kg,https://www.pbs.gov.pk/wp-content/uploads/2020/07/Annex_27.08.2026.xlsx,data/raw/pbs_history/2026-08-27_phase1.xlsx,pbs-weekly-v2,240.0,240.0,240.0,240.0,,,,,240.0,0.0,0.0
2026-08-27,Gujranwala,Eggs Hen (Farm),eggs_hen_farm,1 Dozen,1 dozen,https://www.pbs.gov.pk/wp-content/uploads/2020/07/Annex_27.08.2026.xlsx,data/raw/pbs_history/2026-08-27_phase1.xlsx,pbs-weekly-v2,240.0,240.0,240.0,240.0,,,,,241.0,-0.004149377593360981,-0.004149377593360981
2026-08-27,Gujranwala,Electricity Charges for Q1*,electricity_charges_for_q1,Per Unit,per unit,https://www.pbs.gov.pk/wp-content/uploads/2020/07/Annex_27.08.2026.xlsx,data/raw/pbs_history/2026-08-27_phase1.xlsx,pbs-weekly-v2,6.45,6.45,6.45,6.45,,,,,6.45,0.0,0.0
2026-08-27,Gujranwala,Energy Saver Philips 14 Watt,energy_saver_philips_14_watt,Each,each,https://www.pbs.gov.pk/wp-content/uploads/2020/07/Annex_27.08.2026.xlsx,data/raw/pbs_history/2026-08-27_phase1.xlsx,pbs-weekly-v2,550.0,550.0,550.0,550.0,,,,,550.0,0.0,0.0
2026-08-27,Gujranwala,Firewood Whole,firewood_whole,40 Kg,40 kg,https://www.pbs.gov.pk/wp-content/uploads/2020/07/Annex_27.08.2026.xlsx,data/raw/pbs_history/2026-08-27_phase1.xlsx,pbs-weekly-v2,1900.0,1932.77,2000.0,1932.77,,,,,1800.0,0.07376111111111117,0.07376111111111117
2026-08-27,Gujranwala,Garlic (Lehsun),garlic_lehsun,1 Kg,1 kg,https://www.pbs.gov.pk/wp-content/uploads/2020/07/Annex_27.08.2026.xlsx,data/raw/pbs_history/2026-08-27_phase1.xlsx,pbs-weekly-v2,350.0,382.59,400.0,382.59,,,,,382.59,0.0,0.0
2026-08-27,Gujranwala,Gas Charges for Q1,gas_charges_for_q1,MMBTU,mmbtu,https://www.pbs.gov.pk/wp-content/uploads/2020/07/Annex_27.08.2026.xlsx,data/raw/pbs_history/2026-08-27_phase1.xlsx,pbs-weekly-v2,2566.5,2566.5,2566.5,2566.5,,,,,2566.5,0.0,0.0
2026-08-27,Gujranwala,Gents Sandal Bata,gents_sandal_bata,Pair,pair,https://www.pbs.gov.pk/wp-content/uploads/2020/07/Annex_27.08.2026.xlsx,data/raw/pbs_history/2026-08-27_phase1.xlsx,pbs-weekly-v2,2499.0,2499.0,2499.0,2499.0,,,,,2499.0,0.0,0.0
2026-08-27,Gujranwala,Gents Sponge Chappal Bata,gents_sponge_chappal_bata,Pair,pair,https://www.pbs.gov.pk/wp-content/uploads/2020/07/Annex_27.08.2026.xlsx,data/raw/pbs_history/2026-08-27_phase1.xlsx,pbs-weekly-v2,699.0,699.0,699.0,699.0,,,,,699.0,0.0,0.0
2026-08-27,Gujranwala,Georgette (Average Quality),georgette_average_quality,1 mtr,1 mtr,https://www.pbs.gov.pk/wp-content/uploads/2020/07/Annex_27.08.2026.xlsx,data/raw/pbs_history/2026-08-27_phase1.xlsx,pbs-weekly-v2,250.0,250.0,250.0,250.0,,,,,400.0,-0.375,-0.375
2026-08-27,Gujranwala,Gur (Average Quality),gur_average_quality,1 Kg,1 kg,https://www.pbs.gov.pk/wp-content/uploads/2020/07/Annex_27.08.2026.xlsx,data/raw/pbs_history/2026-08-27_phase1.xlsx,pbs-weekly-v2,220.0,220.0,220.0,220.0,,,,,226.47,-0.028568905373780207,-0.028568905373780207
2026-08-27,Gujranwala,Hi-Speed Diesel,hi_speed_diesel,Per Litre,per litre,https://www.pbs.gov.pk/wp-content/uploads/2020/07/Annex_27.08.2026.xlsx,data/raw/pbs_history/2026-08-27_phase1.xlsx,pbs-weekly-v2,374.1,374.1,374.1,374.1,,,,,373.32,0.0020893603342977407,0.0020893603342977407
2026-08-27,Gujranwala,Ladies Sandal Bata,ladies_sandal_bata,Pair,pair,https://www.pbs.gov.pk/wp-content/uploads/2020/07/Annex_27.08.2026.xlsx,data/raw/pbs_history/2026-08-27_phase1.xlsx,pbs-weekly-v2,1499.0,1499.0,1499.0,1499.0,,,,,1499.0,0.0,0.0
2026-08-27,Gujranwala,Lawn Printed Gul Ahmed/Al Karam,lawn_printed_gul_ahmed_al_karam,1 mtr,1 mtr,https://www.pbs.gov.pk/wp-content/uploads/2020/07/Annex_27.08.2026.xlsx,data/raw/pbs_history/2026-08-27_phase1.xlsx,pbs-weekly-v2,748.0,748.0,748.0,748.0,,,,,700.0,0.0685714285714285,0.0685714285714285
2026-08-27,Gujranwala,"Long Cloth 57"" Gul Ahmed/Al Karam",long_cloth_57_gul_ahmed_al_karam,1 mtr,1 mtr,https://www.pbs.gov.pk/wp-content/uploads/2020/07/Annex_27.08.2026.xlsx,data/raw/pbs_history/2026-08-27_phase1.xlsx,pbs-weekly-v2,700.0,700.0,700.0,700.0,,,,,700.0,0.0,0.0
2026-08-27,Gujranwala,LPG 11.67 kg Cylinder,lpg_11_67_kg_cylinder,Each,each,https://www.pbs.gov.pk/wp-content/uploads/2020/07/Annex_27.08.2026.xlsx,data/raw/pbs_history/2026-08-27_phase1.xlsx,pbs-weekly-v2,4668.0,4706.68,4785.0,4706.68,,,,,4788.74,-0.01713603160747912,-0.01713603160747912
2026-08-27,Gujranwala,Match Box,match_box,Each,each,https://www.pbs.gov.pk/wp-content/uploads/2020/07/Annex_27.08.2026.xlsx,data/raw/pbs_history/2026-08-27_phase1.xlsx,pbs-weekly-v2,7.0,7.0,7.0,7.0,,,,,6.0,0.16666666666666674,0.16666666666666674
2026-08-27,Gujranwala,Milk fresh (Un-boiled),milk_fresh_un_boiled,1 Ltr,1 ltr,https://www.pbs.gov.pk/wp-content/uploads/2020/07/Annex_27.08.2026.xlsx,data/raw/pbs_history/2026-08-27_phase1.xlsx,pbs-weekly-v2,220.0,220.0,220.0,220.0,,,,,212.79,0.033883171201654294,0.033883171201654294
2026-08-27,Gujranwala,Mustard Oil (Average Quality),mustard_oil_average_quality,1 Kg,1 kg,https://www.pbs.gov.pk/wp-content/uploads/2020/07/Annex_27.08.2026.xlsx,data/raw/pbs_history/2026-08-27_phase1.xlsx,pbs-weekly-v2,500.0,500.0,500.0,500.0,,,,,560.0,-0.1071428571428571,-0.1071428571428571
2026-08-27,Gujranwala,Mutton (Average Quality),mutton_average_quality,1 Kg,1 kg,https://www.pbs.gov.pk/wp-content/uploads/2020/07/Annex_27.08.2026.xlsx,data/raw/pbs_history/2026-08-27_phase1.xlsx,pbs-weekly-v2,2600.0,2600.0,2600.0,2600.0,,,,,2600.0,0.0,0.0
2026-08-27,Gujranwala,Onions,onions,1 Kg,1 kg,https://www.pbs.gov.pk/wp-content/uploads/2020/07/Annex_27.08.2026.xlsx,data/raw/pbs_history/2026-08-27_phase1.xlsx,pbs-weekly-v2,190.0,196.61,200.0,196.61,,,,,196.61,0.0,0.0
2026-08-27,Gujranwala,Petrol Super,petrol_super,Per Litre,per litre,https://www.pbs.gov.pk/wp-content/uploads/2020/07/Annex_27.08.2026.xlsx,data/raw/pbs_history/2026-08-27_phase1.xlsx,pbs-weekly-v2,345.4,345.4,345.4,345.4,,,,,344.62,0.0022633625442516347,0.0022633625442516347
2026-08-27,Gujranwala,Potatoes,potatoes,1 Kg,1 kg,https://www.pbs.gov.pk/wp-content/uploads/2020/07/Annex_27.08.2026.xlsx,data/raw/pbs_history/2026-08-27_phase1.xlsx,pbs-weekly-v2,60.0,60.0,60.0,60.0,,,,,60.0,0.0,0.0
2026-08-27,Gujranwala,Powdered Milk NIDO 390 gm Polybag,powdered_milk_nido_390_gm_polybag,Each,each,https://www.pbs.gov.pk/wp-content/uploads/2020/07/Annex_27.08.2026.xlsx,data/raw/pbs_history/2026-08-27_phase1.xlsx,pbs-weekly-v2,1160.0,1163.32,1170.0,1163.32,,,,,1170.0,-0.005709401709401818,-0.005709401709401818
2026-08-27,Gujranwala,Pulse Gram,pulse_gram,1 Kg,1 kg,https://www.pbs.gov.pk/wp-content/uploads/2020/07/Annex_27.08.2026.xlsx,data/raw/pbs_history/2026-08-27_phase1.xlsx,pbs-weekly-v2,255.0,255.0,255.0,255.0,,,,,256.62,-0.006312836100070163,-0.006312836100070163
2026-08-27,Gujranwala,Pulse Mash (Washed),pulse_mash_washed,1 Kg,1 kg,https://www.pbs.gov.pk/wp-content/uploads/2020/07/Annex_27.08.2026.xlsx,data/raw/pbs_history/2026-08-27_phase1.xlsx,pbs-weekly-v2,430.0,430.0,430.0,430.0,,,,,473.71,-0.09227164298832613,-0.09227164298832613
2026-08-27,Gujranwala,Pulse Masoor (Washed),pulse_masoor_washed,1 Kg,1 kg,https://www.pbs.gov.pk/wp-content/uploads/2020/07/Annex_27.08.2026.xlsx,data/raw/pbs_history/2026-08-27_phase1.xlsx,pbs-weekly-v2,240.0,240.0,240.0,240.0,,,,,249.1,-0.03653151344841432,-0.03653151344841432
2026-08-27,Gujranwala,Pulse Moong (Washed),pulse_moong_washed,1 Kg,1 kg,https://www.pbs.gov.pk/wp-content/uploads/2020/07/Annex_27.08.2026.xlsx,data/raw/pbs_history/2026-08-27_phase1.xlsx,pbs-weekly-v2,270.0,270.0,270.0,270.0,,,,,346.54,-0.22086916373290244,-0.22086916373290244
2026-08-27,Gujranwala,Rice Basmati Broken (Average Quality),rice_basmati_broken_average_quality,1 Kg,1 kg,https://www.pbs.gov.pk/wp-content/uploads/2020/07/Annex_27.08.2026.xlsx,data/raw/pbs_history/2026-08-27_phase1.xlsx,pbs-weekly-v2,180.0,180.0,180.0,180.0,,,,,228.47,-0.212150391736333,-0.212150391736333
2026-08-27,Gujranwala,Rice IRRI-6/9 (Sindh/Punjab),rice_irri_6_9_sindh_punjab,1 Kg,1 kg,https://www.pbs.gov.pk/wp-content/uploads/2020/07/Annex_27.08.2026.xlsx,data/raw/pbs_history/2026-08-27_phase1.xlsx,pbs-weekly-v2,0.0,0.0,0.0,0.0,,,,,160.0,-1.0,-1.0
2026-08-27,Gujranwala,Salt Powdered (NATIONAL/SHAN) 800 gm Packet,salt_powdered_national_shan_800_gm_packet,Each,each,https://www.pbs.gov.pk/wp-content/uploads/2020/07/Annex_27.08.2026.xlsx,data/raw/pbs_history/2026-08-27_phase1.xlsx,pbs-weekly-v2,60.0,60.0,60.0,60.0,,,,,60.0,0.0,0.0
2026-08-27,Gujranwala,Shirting (Average Quality),shirting_average_quality,1 mtr,1 mtr,https://www.pbs.gov.pk/wp-content/uploads/2020/07/Annex_27.08.2026.xlsx,data/raw/pbs_history/2026-08-27_phase1.xlsx,pbs-weekly-v2,600.0,600.0,600.0,600.0,,,,,691.63,-0.13248413168890882,-0.13248413168890882
2026-08-27,Gujranwala,Sufi Washing Soap 250 gm Cake,sufi_washing_soap_250_gm_cake,Each,each,https://www.pbs.gov.pk/wp-content/uploads/2020/07/Annex_27.08.2026.xlsx,data/raw/pbs_history/2026-08-27_phase1.xlsx,pbs-weekly-v2,140.0,143.26,150.0,143.26,,,,,150.0,-0.04493333333333338,-0.04493333333333338
2026-08-27,Gujranwala,Sugar Refined,sugar_refined,1 Kg,1 kg,https://www.pbs.gov.pk/wp-content/uploads/2020/07/Annex_27.08.2026.xlsx,data/raw/pbs_history/2026-08-27_phase1.xlsx,pbs-weekly-v2,145.0,145.0,145.0,145.0,,,,,150.0,-0.033333333333333326,-0.033333333333333326
2026-08-27,Gujranwala,Tea Lipton Yellow Label 190 gm Packet,tea_lipton_yellow_label_190_gm_packet,Each,each,https://www.pbs.gov.pk/wp-content/uploads/2020/07/Annex_27.08.2026.xlsx,data/raw/pbs_history/2026-08-27_phase1.xlsx,pbs-weekly-v2,469.41,469.41,469.41,469.41,,,,,469.41,0.0,0.0
2026-08-27,Gujranwala,Tea Prepared Ordinary,tea_prepared_ordinary,Per Cup,per cup,https://www.pbs.gov.pk/wp-content/uploads/2020/07/Annex_27.08.2026.xlsx,data/raw/pbs_history/2026-08-27_phase1.xlsx,pbs-weekly-v2,70.0,70.0,70.0,70.0,,,,,69.9,0.0014306151645206988,0.0014306151645206988
2026-08-27,Gujranwala,Telephone Call Charges,telephone_call_charges,Per Minute,per minute,https://www.pbs.gov.pk/wp-content/uploads/2020/07/Annex_27.08.2026.xlsx,data/raw/pbs_history/2026-08-27_phase1.xlsx,pbs-weekly-v2,1.79,1.79,1.79,1.79,,,,,1.79,0.0,0.0
2026-08-27,Gujranwala,Toilet Soap LIFEBUOY 115 gm,toilet_soap_lifebuoy_115_gm,Each,each,https://www.pbs.gov.pk/wp-content/uploads/2020/07/Annex_27.08.2026.xlsx,data/raw/pbs_history/2026-08-27_phase1.xlsx,pbs-weekly-v2,136.02,136.02,136.02,136.02,,,,,136.02,0.0,0.0
2026-08-27,Gujranwala,Tomatoes,tomatoes,1 Kg,1 kg,https://www.pbs.gov.pk/wp-content/uploads/2020/07/Annex_27.08.2026.xlsx,data/raw/pbs_history/2026-08-27_phase1.xlsx,pbs-weekly-v2,270.0,273.29,280.0,273.29,,,,,250.0,0.09316000000000013,0.09316000000000013
2026-08-27,Gujranwala,Vegetable Ghee DALDA/HABIB 2.5 kg Tin,vegetable_ghee_dalda_habib_2_5_kg_tin,Each,each,https://www.pbs.gov.pk/wp-content/uploads/2020/07/Annex_27.08.2026.xlsx,data/raw/pbs_history/2026-08-27_phase1.xlsx,pbs-weekly-v2,1580.0,1580.0,1580.0,1580.0,,,,,1580.0,0.0,0.0
2026-08-27,Gujranwala,Vegetable Ghee DALDA/HABIB or Other superior Quality 1 kg Pouch,vegetable_ghee_dalda_habib_or_other_superior_quality_1_kg_pouch,Each,each,https://www.pbs.gov.pk/wp-content/uploads/2020/07/Annex_27.08.2026.xlsx,data/raw/pbs_history/2026-08-27_phase1.xlsx,pbs-weekly-v2,615.0,615.0,615.0,615.0,,,,,615.0,0.0,0.0
2026-08-27,Gujranwala,Wheat Flour Bag,wheat_flour_bag,20 Kg,20 kg,https://www.pbs.gov.pk/wp-content/uploads/2020/07/Annex_27.08.2026.xlsx,data/raw/pbs_history/2026-08-27_phase1.xlsx,pbs-weekly-v2,2200.0,2583.72,2800.0,2583.72,,,,,2583.72,0.0,0.0
2026-08-27,Islamabad,Bananas (Kela) Local,bananas_kela_local,1 Dozen,1 dozen,https://www.pbs.gov.pk/wp-content/uploads/2020/07/Annex_27.08.2026.xlsx,data/raw/pbs_history/2026-08-27_phase1.xlsx,pbs-weekly-v2,230.0,261.84,300.0,261.84,,,,,200.0,0.3091999999999999,0.3091999999999999
2026-08-27,Islamabad,Beef with Bone (Average Quality),beef_with_bone_average_quality,1 Kg,1 kg,https://www.pbs.gov.pk/wp-content/uploads/2020/07/Annex_27.08.2026.xlsx,data/raw/pbs_history/2026-08-27_phase1.xlsx,pbs-weekly-v2,1450.0,1487.07,1550.0,1487.07,,,,,1300.0,0.14389999999999992,0.14389999999999992
2026-08-27,Islamabad,Bread plain (Small Size),bread_plain_small_size,Each,each,https://www.pbs.gov.pk/wp-content/uploads/2020/07/Annex_27.08.2026.xlsx,data/raw/pbs_history/2026-08-27_phase1.xlsx,pbs-weekly-v2,120.0,120.0,120.0,120.0,,,,,120.0,0.0,0.0
2026-08-27,Islamabad,Chicken Farm Broiler (Live),chicken_farm_broiler_live,1 Kg,1 kg,https://www.pbs.gov.pk/wp-content/uploads/2020/07/Annex_27.08.2026.xlsx,data/raw/pbs_history/2026-08-27_phase1.xlsx,pbs-weekly-v2,355.0,370.54,390.0,370.54,,,,,368.0,0.006902173913043486,0.006902173913043486
2026-08-27,Islamabad,Chilies Powder NATIONAL 200 gm Packet,chilies_powder_national_200_gm_packet,Each,each,https://www.pbs.gov.pk/wp-content/uploads/2020/07/Annex_27.08.2026.xlsx,data/raw/pbs_history/2026-08-27_phase1.xlsx,pbs-weekly-v2,380.0,380.0,380.0,380.0,,,,,380.0,0.0,0.0
2026-08-27,Islamabad,Cigarettes Capstan 20'S Packet,cigarettes_capstan_20_s_packet,Each,each,https://www.pbs.gov.pk/wp-content/uploads/2020/07/Annex_27.08.2026.xlsx,data/raw/pbs_history/2026-08-27_phase1.xlsx,pbs-weekly-v2,250.0,250.0,250.0,250.0,,,,,250.0,0.0,0.0
2026-08-27,Islamabad,Cooked Beef at Average Hotel,cooked_beef_at_average_hotel,Per Plate,per plate,https://www.pbs.gov.pk/wp-content/uploads/2020/07/Annex_27.08.2026.xlsx,data/raw/pbs_history/2026-08-27_phase1.xlsx,pbs-weekly-v2,350.0,354.07,380.0,354.07,,,,,336.27,0.05293365450382148,0.05293365450382148
2026-08-27,Islamabad,Cooked Daal at Average Hotel,cooked_daal_at_average_hotel,Per Plate,per plate,https://www.pbs.gov.pk/wp-content/uploads/2020/07/Annex_27.08.2026.xlsx,data/raw/pbs_history/2026-08-27_phase1.xlsx,pbs-weekly-v2,220.0,241.4,260.0,241.4,,,,,190.0,0.2705263157894737,0.2705263157894737
2026-08-27,Islamabad,"Cooking Oil DALDA or Other Similar Brand (SN), 5 Litre Tin",cooking_oil_dalda_or_other_similar_brand_sn_5_litre_tin,Each,each,https://www.pbs.gov.pk/wp-content/uploads/2020/07/Annex_27.08.2026.xlsx,data/raw/pbs_history/2026-08-27_phase1.xlsx,pbs-weekly-v2,3090.0,3090.0,3090.0,3090.0,,,,,3090.0,0.0,0.0
2026-08-27,Islamabad,Curd (Dahi) Loose,curd_dahi_loose,1 Kg,1 kg,https://www.pbs.gov.pk/wp-content/uploads/2020/07/Annex_27.08.2026.xlsx,data/raw/pbs_history/2026-08-27_phase1.xlsx,pbs-weekly-v2,260.0,272.37,280.0,272.37,,,,,240.0,0.13487500000000008,0.13487500000000008
2026-08-27,Islamabad,Eggs Hen (Farm),eggs_hen_farm,1 Dozen,1 dozen,https://www.pbs.gov.pk/wp-content/uploads/2020/07/Annex_27.08.2026.xlsx,data/raw/pbs_history/2026-08-27_phase1.xlsx,pbs-weekly-v2,245.0,249.95,260.0,249.95,,,,,241.0,0.03713692946058078,0.03713692946058078
2026-08-27,Islamabad,Electricity Charges for Q1*,electricity_charges_for_q1,Per Unit,per unit,https://www.pbs.gov.pk/wp-content/uploads/2020/07/Annex_27.08.2026.xlsx,data/raw/pbs_history/2026-08-27_phase1.xlsx,pbs-weekly-v2,6.45,6.45,6.45,6.45,,,,,6.45,0.0,0.0
2026-08-27,Islamabad,Energy Saver Philips 14 Watt,energy_saver_philips_14_watt,Each,each,https://www.pbs.gov.pk/wp-content/uploads/2020/07/Annex_27.08.2026.xlsx,data/raw/pbs_history/2026-08-27_phase1.xlsx,pbs-weekly-v2,270.0,276.63,280.0,276.63,,,,,550.0,-0.4970363636363636,-0.4970363636363636
2026-08-27,Islamabad,Firewood Whole,firewood_whole,40 Kg,40 kg,https://www.pbs.gov.pk/wp-content/uploads/2020/07/Annex_27.08.2026.xlsx,data/raw/pbs_history/2026-08-27_phase1.xlsx,pbs-weekly-v2,1850.0,2139.27,2350.0,2139.27,,,,,1800.0,0.18848333333333334,0.18848333333333334
2026-08-27,Islamabad,Garlic (Lehsun),garlic_lehsun,1 Kg,1 kg,https://www.pbs.gov.pk/wp-content/uploads/2020/07/Annex_27.08.2026.xlsx,data/raw/pbs_history/2026-08-27_phase1.xlsx,pbs-weekly-v2,280.0,428.58,600.0,428.58,,,,,382.59,0.12020701011526702,0.12020701011526702
2026-08-27,Islamabad,Gas Charges for Q1,gas_charges_for_q1,MMBTU,mmbtu,https://www.pbs.gov.pk/wp-content/uploads/2020/07/Annex_27.08.2026.xlsx,data/raw/pbs_history/2026-08-27_phase1.xlsx,pbs-weekly-v2,2566.5,2566.5,2566.5,2566.5,,,,,2566.5,0.0,0.0
2026-08-27,Islamabad,Gents Sandal Bata,gents_sandal_bata,Pair,pair,https://www.pbs.gov.pk/wp-content/uploads/2020/07/Annex_27.08.2026.xlsx,data/raw/pbs_history/2026-08-27_phase1.xlsx,pbs-weekly-v2,2499.0,2499.0,2499.0,2499.0,,,,,2499.0,0.0,0.0
2026-08-27,Islamabad,Gents Sponge Chappal Bata,gents_sponge_chappal_bata,Pair,pair,https://www.pbs.gov.pk/wp-content/uploads/2020/07/Annex_27.08.2026.xlsx,data/raw/pbs_history/2026-08-27_phase1.xlsx,pbs-weekly-v2,699.0,699.0,699.0,699.0,,,,,699.0,0.0,0.0
2026-08-27,Islamabad,Georgette (Average Quality),georgette_average_quality,1 mtr,1 mtr,https://www.pbs.gov.pk/wp-content/uploads/2020/07/Annex_27.08.2026.xlsx,data/raw/pbs_history/2026-08-27_phase1.xlsx,pbs-weekly-v2,400.0,424.51,490.0,424.51,,,,,400.0,0.06127499999999997,0.06127499999999997
2026-08-27,Islamabad,Gur (Average Quality),gur_average_quality,1 Kg,1 kg,https://www.pbs.gov.pk/wp-content/uploads/2020/07/Annex_27.08.2026.xlsx,data/raw/pbs_history/2026-08-27_phase1.xlsx,pbs-weekly-v2,250.0,267.97,290.0,267.97,,,,,226.47,0.1832472292135825,0.1832472292135825
2026-08-27,Islamabad,Hi-Speed Diesel,hi_speed_diesel,Per Litre,per litre,https://www.pbs.gov.pk/wp-content/uploads/2020/07/Annex_27.08.2026.xlsx,data/raw/pbs_history/2026-08-27_phase1.xlsx,pbs-weekly-v2,373.32,373.32,373.32,373.32,,,,,373.32,0.0,0.0
2026-08-27,Islamabad,Ladies Sandal Bata,ladies_sandal_bata,Pair,pair,https://www.pbs.gov.pk/wp-content/uploads/2020/07/Annex_27.08.2026.xlsx,data/raw/pbs_history/2026-08-27_phase1.xlsx,pbs-weekly-v2,1499.0,1499.0,1499.0,1499.0,,,,,1499.0,0.0,0.0
2026-08-27,Islamabad,Lawn Printed Gul Ahmed/Al Karam,lawn_printed_gul_ahmed_al_karam,1 mtr,1 mtr,https://www.pbs.gov.pk/wp-content/uploads/2020/07/Annex_27.08.2026.xlsx,data/raw/pbs_history/2026-08-27_phase1.xlsx,pbs-weekly-v2,630.0,662.12,700.0,662.12,,,,,700.0,-0.05411428571428567,-0.05411428571428567
2026-08-27,Islamabad,"Long Cloth 57"" Gul Ahmed/Al Karam",long_cloth_57_gul_ahmed_al_karam,1 mtr,1 mtr,https://www.pbs.gov.pk/wp-content/uploads/2020/07/Annex_27.08.2026.xlsx,data/raw/pbs_history/2026-08-27_phase1.xlsx,pbs-weekly-v2,750.0,773.97,800.0,773.97,,,,,700.0,0.10567142857142864,0.10567142857142864
2026-08-27,Islamabad,LPG 11.67 kg Cylinder,lpg_11_67_kg_cylinder,Each,each,https://www.pbs.gov.pk/wp-content/uploads/2020/07/Annex_27.08.2026.xlsx,data/raw/pbs_history/2026-08-27_phase1.xlsx,pbs-weekly-v2,4600.0,4788.74,5200.0,4788.74,,,,,4788.74,0.0,0.0
2026-08-27,Islamabad,Match Box,match_box,Each,each,https://www.pbs.gov.pk/wp-content/uploads/2020/07/Annex_27.08.2026.xlsx,data/raw/pbs_history/2026-08-27_phase1.xlsx,pbs-weekly-v2,6.0,6.0,6.0,6.0,,,,,6.0,0.0,0.0
2026-08-27,Islamabad,Milk fresh (Un-boiled),milk_fresh_un_boiled,1 Ltr,1 ltr,https://www.pbs.gov.pk/wp-content/uploads/2020/07/Annex_27.08.2026.xlsx,data/raw/pbs_history/2026-08-27_phase1.xlsx,pbs-weekly-v2,240.0,250.66,270.0,250.66,,,,,212.79,0.17796888951548473,0.17796888951548473
2026-08-27,Islamabad,Mustard Oil (Average Quality),mustard_oil_average_quality,1 Kg,1 kg,https://www.pbs.gov.pk/wp-content/uploads/2020/07/Annex_27.08.2026.xlsx,data/raw/pbs_history/2026-08-27_phase1.xlsx,pbs-weekly-v2,660.0,686.46,720.0,686.46,,,,,560.0,0.22582142857142862,0.22582142857142862
2026-08-27,Islamabad,Mutton (Average Quality),mutton_average_quality,1 Kg,1 kg,https://www.pbs.gov.pk/wp-content/uploads/2020/07/Annex_27.08.2026.xlsx,data/raw/pbs_history/2026-08-27_phase1.xlsx,pbs-weekly-v2,2800.0,2849.49,2950.0,2849.49,,,,,2600.0,0.09595769230769213,0.09595769230769213
2026-08-27,Islamabad,Onions,onions,1 Kg,1 kg,https://www.pbs.gov.pk/wp-content/uploads/2020/07/Annex_27.08.2026.xlsx,data/raw/pbs_history/2026-08-27_phase1.xlsx,pbs-weekly-v2,200.0,225.48,250.0,225.48,,,,,196.61,0.14683891968872365,0.14683891968872365
2026-08-27,Islamabad,Petrol Super,petrol_super,Per Litre,per litre,https://www.pbs.gov.pk/wp-content/uploads/2020/07/Annex_27.08.2026.xlsx,data/raw/pbs_history/2026-08-27_phase1.xlsx,pbs-weekly-v2,344.62,344.62,344.62,344.62,,,,,344.62,0.0,0.0
2026-08-27,Islamabad,Potatoes,potatoes,1 Kg,1 kg,https://www.pbs.gov.pk/wp-content/uploads/2020/07/Annex_27.08.2026.xlsx,data/raw/pbs_history/2026-08-27_phase1.xlsx,pbs-weekly-v2,70.0,79.69,90.0,79.69,,,,,60.0,0.3281666666666667,0.3281666666666667
2026-08-27,Islamabad,Powdered Milk NIDO 390 gm Polybag,powdered_milk_nido_390_gm_polybag,Each,each,https://www.pbs.gov.pk/wp-content/uploads/2020/07/Annex_27.08.2026.xlsx,data/raw/pbs_history/2026-08-27_phase1.xlsx,pbs-weekly-v2,1160.0,1180.77,1200.0,1180.77,,,,,1170.0,0.009205128205128199,0.009205128205128199
2026-08-27,Islamabad,Pulse Gram,pulse_gram,1 Kg,1 kg,https://www.pbs.gov.pk/wp-content/uploads/2020/07/Annex_27.08.2026.xlsx,data/raw/pbs_history/2026-08-27_phase1.xlsx,pbs-weekly-v2,290.0,309.73,330.0,309.73,,,,,256.62,0.2069597069597071,0.2069597069597071
2026-08-27,Islamabad,Pulse Mash (Washed),pulse_mash_washed,1 Kg,1 kg,https://www.pbs.gov.pk/wp-content/uploads/2020/07/Annex_27.08.2026.xlsx,data/raw/pbs_history/2026-08-27_phase1.xlsx,pbs-weekly-v2,480.0,512.99,540.0,512.99,,,,,473.71,0.08291992991492703,0.08291992991492703
2026-08-27,Islamabad,Pulse Masoor (Washed),pulse_masoor_washed,1 Kg,1 kg,https://www.pbs.gov.pk/wp-content/uploads/2020/07/Annex_27.08.2026.xlsx,data/raw/pbs_history/2026-08-27_phase1.xlsx,pbs-weekly-v2,290.0,302.36,320.0,302.36,,,,,249.1,0.21380971497390622,0.21380971497390622
2026-08-27,Islamabad,Pulse Moong (Washed),pulse_moong_washed,1 Kg,1 kg,https://www.pbs.gov.pk/wp-content/uploads/2020/07/Annex_27.08.2026.xlsx,data/raw/pbs_history/2026-08-27_phase1.xlsx,pbs-weekly-v2,370.0,396.27,430.0,396.27,,,,,346.54,0.14350435736134348,0.14350435736134348
2026-08-27,Islamabad,Rice Basmati Broken (Average Quality),rice_basmati_broken_average_quality,1 Kg,1 kg,https://www.pbs.gov.pk/wp-content/uploads/2020/07/Annex_27.08.2026.xlsx,data/raw/pbs_history/2026-08-27_phase1.xlsx,pbs-weekly-v2,260.0,274.83,290.0,274.83,,,,,228.47,0.20291504355057555,0.20291504355057555
2026-08-27,Islamabad,Rice IRRI-6/9 (Sindh/Punjab),rice_irri_6_9_sindh_punjab,1 Kg,1 kg,https://www.pbs.gov.pk/wp-content/uploads/2020/07/Annex_27.08.2026.xlsx,data/raw/pbs_history/2026-08-27_phase1.xlsx,pbs-weekly-v2,160.0,178.64,200.0,178.64,,,,,160.0,0.11649999999999983,0.11649999999999983
2026-08-27,Islamabad,Salt Powdered (NATIONAL/SHAN) 800 gm Packet,salt_powdered_national_shan_800_gm_packet,Each,each,https://www.pbs.gov.pk/wp-content/uploads/2020/07/Annex_27.08.2026.xlsx,data/raw/pbs_history/2026-08-27_phase1.xlsx,pbs-weekly-v2,60.0,60.0,60.0,60.0,,,,,60.0,0.0,0.0
2026-08-27,Islamabad,Shirting (Average Quality),shirting_average_quality,1 mtr,1 mtr,https://www.pbs.gov.pk/wp-content/uploads/2020/07/Annex_27.08.2026.xlsx,data/raw/pbs_history/2026-08-27_phase1.xlsx,pbs-weekly-v2,680.0,724.24,770.0,724.24,,,,,691.63,0.04714948744270786,0.04714948744270786
2026-08-27,Islamabad,Sufi Washing Soap 250 gm Cake,sufi_washing_soap_250_gm_cake,Each,each,https://www.pbs.gov.pk/wp-content/uploads/2020/07/Annex_27.08.2026.xlsx,data/raw/pbs_history/2026-08-27_phase1.xlsx,pbs-weekly-v2,150.0,150.81,160.0,150.81,,,,,150.0,0.005400000000000071,0.005400000000000071
2026-08-27,Islamabad,Sugar Refined,sugar_refined,1 Kg,1 kg,https://www.pbs.gov.pk/wp-content/uploads/2020/07/Annex_27.08.2026.xlsx,data/raw/pbs_history/2026-08-27_phase1.xlsx,pbs-weekly-v2,150.0,150.0,150.0,150.0,,,,,150.0,0.0,0.0
2026-08-27,Islamabad,Tea Lipton Yellow Label 190 gm Packet,tea_lipton_yellow_label_190_gm_packet,Each,each,https://www.pbs.gov.pk/wp-content/uploads/2020/07/Annex_27.08.2026.xlsx,data/raw/pbs_history/2026-08-27_phase1.xlsx,pbs-weekly-v2,469.41,469.41,469.41,469.41,,,,,469.41,0.0,0.0
2026-08-27,Islamabad,Tea Prepared Ordinary,tea_prepared_ordinary,Per Cup,per cup,https://www.pbs.gov.pk/wp-content/uploads/2020/07/Annex_27.08.2026.xlsx,data/raw/pbs_history/2026-08-27_phase1.xlsx,pbs-weekly-v2,70.0,73.19,80.0,73.19,,,,,69.9,0.047067238912732456,0.047067238912732456
2026-08-27,Islamabad,Telephone Call Charges,telephone_call_charges,Per Minute,per minute,https://www.pbs.gov.pk/wp-content/uploads/2020/07/Annex_27.08.2026.xlsx,data/raw/pbs_history/2026-08-27_phase1.xlsx,pbs-weekly-v2,1.79,1.79,1.79,1.79,,,,,1.79,0.0,0.0
2026-08-27,Islamabad,Toilet Soap LIFEBUOY 115 gm,toilet_soap_lifebuoy_115_gm,Each,each,https://www.pbs.gov.pk/wp-content/uploads/2020/07/Annex_27.08.2026.xlsx,data/raw/pbs_history/2026-08-27_phase1.xlsx,pbs-weekly-v2,136.02,136.02,136.02,136.02,,,,,136.02,0.0,0.0
2026-08-27,Islamabad,Tomatoes,tomatoes,1 Kg,1 kg,https://www.pbs.gov.pk/wp-content/uploads/2020/07/Annex_27.08.2026.xlsx,data/raw/pbs_history/2026-08-27_phase1.xlsx,pbs-weekly-v2,240.0,260.6,320.0,260.6,,,,,250.0,0.04239999999999999,0.04239999999999999
2026-08-27,Islamabad,Vegetable Ghee DALDA/HABIB 2.5 kg Tin,vegetable_ghee_dalda_habib_2_5_kg_tin,Each,each,https://www.pbs.gov.pk/wp-content/uploads/2020/07/Annex_27.08.2026.xlsx,data/raw/pbs_history/2026-08-27_phase1.xlsx,pbs-weekly-v2,1580.0,1580.0,1580.0,1580.0,,,,,1580.0,0.0,0.0
2026-08-27,Islamabad,Vegetable Ghee DALDA/HABIB or Other superior Quality 1 kg Pouch,vegetable_ghee_dalda_habib_or_other_superior_quality_1_kg_pouch,Each,each,https://www.pbs.gov.pk/wp-content/uploads/2020/07/Annex_27.08.2026.xlsx,data/raw/pbs_history/2026-08-27_phase1.xlsx,pbs-weekly-v2,615.0,615.0,615.0,615.0,,,,,615.0,0.0,0.0
2026-08-27,Islamabad,Wheat Flour Bag,wheat_flour_bag,20 Kg,20 kg,https://www.pbs.gov.pk/wp-content/uploads/2020/07/Annex_27.08.2026.xlsx,data/raw/pbs_history/2026-08-27_phase1.xlsx,pbs-weekly-v2,3000.0,3047.64,3093.33,3047.64,,,,,2583.72,0.17955506014583622,0.17955506014583622
2026-08-27,Lahore,Bananas (Kela) Local,bananas_kela_local,1 Dozen,1 dozen,https://www.pbs.gov.pk/wp-content/uploads/2020/07/Annex_27.08.2026.xlsx,data/raw/pbs_history/2026-08-27_phase1.xlsx,pbs-weekly-v2,170.0,180.67,200.0,180.67,,,,,200.0,-0.09665000000000001,-0.09665000000000001
2026-08-27,Lahore,Beef with Bone (Average Quality),beef_with_bone_average_quality,1 Kg,1 kg,https://www.pbs.gov.pk/wp-content/uploads/2020/07/Annex_27.08.2026.xlsx,data/raw/pbs_history/2026-08-27_phase1.xlsx,pbs-weekly-v2,1100.0,1231.32,1300.0,1231.32,,,,,1300.0,-0.05283076923076924,-0.05283076923076924
2026-08-27,Lahore,Bread plain (Small Size),bread_plain_small_size,Each,each,https://www.pbs.gov.pk/wp-content/uploads/2020/07/Annex_27.08.2026.xlsx,data/raw/pbs_history/2026-08-27_phase1.xlsx,pbs-weekly-v2,120.0,120.0,120.0,120.0,,,,,120.0,0.0,0.0
2026-08-27,Lahore,Chicken Farm Broiler (Live),chicken_farm_broiler_live,1 Kg,1 kg,https://www.pbs.gov.pk/wp-content/uploads/2020/07/Annex_27.08.2026.xlsx,data/raw/pbs_history/2026-08-27_phase1.xlsx,pbs-weekly-v2,343.0,343.0,343.0,343.0,,,,,368.0,-0.06793478260869568,-0.06793478260869568
2026-08-27,Lahore,Chilies Powder NATIONAL 200 gm Packet,chilies_powder_national_200_gm_packet,Each,each,https://www.pbs.gov.pk/wp-content/uploads/2020/07/Annex_27.08.2026.xlsx,data/raw/pbs_history/2026-08-27_phase1.xlsx,pbs-weekly-v2,380.0,380.0,380.0,380.0,,,,,380.0,0.0,0.0
2026-08-27,Lahore,Cigarettes Capstan 20'S Packet,cigarettes_capstan_20_s_packet,Each,each,https://www.pbs.gov.pk/wp-content/uploads/2020/07/Annex_27.08.2026.xlsx,data/raw/pbs_history/2026-08-27_phase1.xlsx,pbs-weekly-v2,270.0,270.0,270.0,270.0,,,,,250.0,0.08000000000000007,0.08000000000000007
2026-08-27,Lahore,Cooked Beef at Average Hotel,cooked_beef_at_average_hotel,Per Plate,per plate,https://www.pbs.gov.pk/wp-content/uploads/2020/07/Annex_27.08.2026.xlsx,data/raw/pbs_history/2026-08-27_phase1.xlsx,pbs-weekly-v2,300.0,317.94,330.0,317.94,,,,,336.27,-0.054509768935676606,-0.054509768935676606
2026-08-27,Lahore,Cooked Daal at Average Hotel,cooked_daal_at_average_hotel,Per Plate,per plate,https://www.pbs.gov.pk/wp-content/uploads/2020/07/Annex_27.08.2026.xlsx,data/raw/pbs_history/2026-08-27_phase1.xlsx,pbs-weekly-v2,180.0,194.15,200.0,194.15,,,,,190.0,0.021842105263157885,0.021842105263157885
2026-08-27,Lahore,"Cooking Oil DALDA or Other Similar Brand (SN), 5 Litre Tin",cooking_oil_dalda_or_other_similar_brand_sn_5_litre_tin,Each,each,https://www.pbs.gov.pk/wp-content/uploads/2020/07/Annex_27.08.2026.xlsx,data/raw/pbs_history/2026-08-27_phase1.xlsx,pbs-weekly-v2,3065.0,3065.0,3065.0,3065.0,,,,,3090.0,-0.008090614886731351,-0.008090614886731351
2026-08-27,Lahore,Curd (Dahi) Loose,curd_dahi_loose,1 Kg,1 kg,https://www.pbs.gov.pk/wp-content/uploads/2020/07/Annex_27.08.2026.xlsx,data/raw/pbs_history/2026-08-27_phase1.xlsx,pbs-weekly-v2,240.0,253.27,260.0,253.27,,,,,240.0,0.05529166666666674,0.05529166666666674
2026-08-27,Lahore,Eggs Hen (Farm),eggs_hen_farm,1 Dozen,1 dozen,https://www.pbs.gov.pk/wp-content/uploads/2020/07/Annex_27.08.2026.xlsx,data/raw/pbs_history/2026-08-27_phase1.xlsx,pbs-weekly-v2,241.0,241.0,241.0,241.0,,,,,241.0,0.0,0.0
2026-08-27,Lahore,Electricity Charges for Q1*,electricity_charges_for_q1,Per Unit,per unit,https://www.pbs.gov.pk/wp-content/uploads/2020/07/Annex_27.08.2026.xlsx,data/raw/pbs_history/2026-08-27_phase1.xlsx,pbs-weekly-v2,6.45,6.45,6.45,6.45,,,,,6.45,0.0,0.0
2026-08-27,Lahore,Energy Saver Philips 14 Watt,energy_saver_philips_14_watt,Each,each,https://www.pbs.gov.pk/wp-content/uploads/2020/07/Annex_27.08.2026.xlsx,data/raw/pbs_history/2026-08-27_phase1.xlsx,pbs-weekly-v2,550.0,550.0,550.0,550.0,,,,,550.0,0.0,0.0
2026-08-27,Lahore,Firewood Whole,firewood_whole,40 Kg,40 kg,https://www.pbs.gov.pk/wp-content/uploads/2020/07/Annex_27.08.2026.xlsx,data/raw/pbs_history/2026-08-27_phase1.xlsx,pbs-weekly-v2,1800.0,1899.43,1950.0,1899.43,,,,,1800.0,0.05523888888888884,0.05523888888888884
2026-08-27,Lahore,Garlic (Lehsun),garlic_lehsun,1 Kg,1 kg,https://www.pbs.gov.pk/wp-content/uploads/2020/07/Annex_27.08.2026.xlsx,data/raw/pbs_history/2026-08-27_phase1.xlsx,pbs-weekly-v2,260.0,359.9,590.0,359.9,,,,,382.59,-0.05930630701272899,-0.05930630701272899
2026-08-27,Lahore,Gas Charges for Q1,gas_charges_for_q1,MMBTU,mmbtu,https://www.pbs.gov.pk/wp-content/uploads/2020/07/Annex_27.08.2026.xlsx,data/raw/pbs_history/2026-08-27_phase1.xlsx,pbs-weekly-v2,2566.5,2566.5,2566.5,2566.5,,,,,2566.5,0.0,0.0
2026-08-27,Lahore,Gents Sandal Bata,gents_sandal_bata,Pair,pair,https://www.pbs.gov.pk/wp-content/uploads/2020/07/Annex_27.08.2026.xlsx,data/raw/pbs_history/2026-08-27_phase1.xlsx,pbs-weekly-v2,2499.0,2499.0,2499.0,2499.0,,,,,2499.0,0.0,0.0
2026-08-27,Lahore,Gents Sponge Chappal Bata,gents_sponge_chappal_bata,Pair,pair,https://www.pbs.gov.pk/wp-content/uploads/2020/07/Annex_27.08.2026.xlsx,data/raw/pbs_history/2026-08-27_phase1.xlsx,pbs-weekly-v2,699.0,699.0,699.0,699.0,,,,,699.0,0.0,0.0
2026-08-27,Lahore,Georgette (Average Quality),georgette_average_quality,1 mtr,1 mtr,https://www.pbs.gov.pk/wp-content/uploads/2020/07/Annex_27.08.2026.xlsx,data/raw/pbs_history/2026-08-27_phase1.xlsx,pbs-weekly-v2,400.0,424.98,450.0,424.98,,,,,400.0,0.062450000000000117,0.062450000000000117
2026-08-27,Lahore,Gur (Average Quality),gur_average_quality,1 Kg,1 kg,https://www.pbs.gov.pk/wp-content/uploads/2020/07/Annex_27.08.2026.xlsx,data/raw/pbs_history/2026-08-27_phase1.xlsx,pbs-weekly-v2,230.0,238.02,250.0,238.02,,,,,226.47,0.0510001324678766,0.0510001324678766
2026-08-27,Lahore,Hi-Speed Diesel,hi_speed_diesel,Per Litre,per litre,https://www.pbs.gov.pk/wp-content/uploads/2020/07/Annex_27.08.2026.xlsx,data/raw/pbs_history/2026-08-27_phase1.xlsx,pbs-weekly-v2,371.8,371.8,371.8,371.8,,,,,373.32,-0.004071573984785082,-0.004071573984785082
2026-08-27,Lahore,Ladies Sandal Bata,ladies_sandal_bata,Pair,pair,https://www.pbs.gov.pk/wp-content/uploads/2020/07/Annex_27.08.2026.xlsx,data/raw/pbs_history/2026-08-27_phase1.xlsx,pbs-weekly-v2,1499.0,1499.0,1499.0,1499.0,,,,,1499.0,0.0,0.0
2026-08-27,Lahore,Lawn Printed Gul Ahmed/Al Karam,lawn_printed_gul_ahmed_al_karam,1 mtr,1 mtr,https://www.pbs.gov.pk/wp-content/uploads/2020/07/Annex_27.08.2026.xlsx,data/raw/pbs_history/2026-08-27_phase1.xlsx,pbs-weekly-v2,805.0,830.51,850.0,830.51,,,,,700.0,0.18644285714285713,0.18644285714285713
2026-08-27,Lahore,"Long Cloth 57"" Gul Ahmed/Al Karam",long_cloth_57_gul_ahmed_al_karam,1 mtr,1 mtr,https://www.pbs.gov.pk/wp-content/uploads/2020/07/Annex_27.08.2026.xlsx,data/raw/pbs_history/2026-08-27_phase1.xlsx,pbs-weekly-v2,850.0,850.0,850.0,850.0,,,,,700.0,0.2142857142857142,0.2142857142857142
2026-08-27,Lahore,LPG 11.67 kg Cylinder,lpg_11_67_kg_cylinder,Each,each,https://www.pbs.gov.pk/wp-content/uploads/2020/07/Annex_27.08.2026.xlsx,data/raw/pbs_history/2026-08-27_phase1.xlsx,pbs-weekly-v2,4668.0,4706.58,4784.7,4706.58,,,,,4788.74,-0.01715691392725427,-0.01715691392725427
2026-08-27,Lahore,Match Box,match_box,Each,each,https://www.pbs.gov.pk/wp-content/uploads/2020/07/Annex_27.08.2026.xlsx,data/raw/pbs_history/2026-08-27_phase1.xlsx,pbs-weekly-v2,6.0,6.32,7.0,6.32,,,,,6.0,0.053333333333333455,0.053333333333333455
2026-08-27,Lahore,Milk fresh (Un-boiled),milk_fresh_un_boiled,1 Ltr,1 ltr,https://www.pbs.gov.pk/wp-content/uploads/2020/07/Annex_27.08.2026.xlsx,data/raw/pbs_history/2026-08-27_phase1.xlsx,pbs-weekly-v2,200.0,212.79,220.0,212.79,,,,,212.79,0.0,0.0
2026-08-27,Lahore,Mustard Oil (Average Quality),mustard_oil_average_quality,1 Kg,1 kg,https://www.pbs.gov.pk/wp-content/uploads/2020/07/Annex_27.08.2026.xlsx,data/raw/pbs_history/2026-08-27_phase1.xlsx,pbs-weekly-v2,550.0,566.61,580.0,566.61,,,,,560.0,0.011803571428571358,0.011803571428571358
2026-08-27,Lahore,Mutton (Average Quality),mutton_average_quality,1 Kg,1 kg,https://www.pbs.gov.pk/wp-content/uploads/2020/07/Annex_27.08.2026.xlsx,data/raw/pbs_history/2026-08-27_phase1.xlsx,pbs-weekly-v2,2900.0,2928.23,3000.0,2928.23,,,,,2600.0,0.1262423076923076,0.1262423076923076
2026-08-27,Lahore,Onions,onions,1 Kg,1 kg,https://www.pbs.gov.pk/wp-content/uploads/2020/07/Annex_27.08.2026.xlsx,data/raw/pbs_history/2026-08-27_phase1.xlsx,pbs-weekly-v2,180.0,191.58,200.0,191.58,,,,,196.61,-0.02558364274451963,-0.02558364274451963
2026-08-27,Lahore,Petrol Super,petrol_super,Per Litre,per litre,https://www.pbs.gov.pk/wp-content/uploads/2020/07/Annex_27.08.2026.xlsx,data/raw/pbs_history/2026-08-27_phase1.xlsx,pbs-weekly-v2,343.1,343.1,343.1,343.1,,,,,344.62,-0.004410655214439063,-0.004410655214439063
2026-08-27,Lahore,Potatoes,potatoes,1 Kg,1 kg,https://www.pbs.gov.pk/wp-content/uploads/2020/07/Annex_27.08.2026.xlsx,data/raw/pbs_history/2026-08-27_phase1.xlsx,pbs-weekly-v2,50.0,56.9,70.0,56.9,,,,,60.0,-0.05166666666666664,-0.05166666666666664
2026-08-27,Lahore,Powdered Milk NIDO 390 gm Polybag,powdered_milk_nido_390_gm_polybag,Each,each,https://www.pbs.gov.pk/wp-content/uploads/2020/07/Annex_27.08.2026.xlsx,data/raw/pbs_history/2026-08-27_phase1.xlsx,pbs-weekly-v2,1170.0,1170.0,1170.0,1170.0,,,,,1170.0,0.0,0.0
2026-08-27,Lahore,Pulse Gram,pulse_gram,1 Kg,1 kg,https://www.pbs.gov.pk/wp-content/uploads/2020/07/Annex_27.08.2026.xlsx,data/raw/pbs_history/2026-08-27_phase1.xlsx,pbs-weekly-v2,240.0,242.59,250.0,242.59,,,,,256.62,-0.05467227807653341,-0.05467227807653341
2026-08-27,Lahore,Pulse Mash (Washed),pulse_mash_washed,1 Kg,1 kg,https://www.pbs.gov.pk/wp-content/uploads/2020/07/Annex_27.08.2026.xlsx,data/raw/pbs_history/2026-08-27_phase1.xlsx,pbs-weekly-v2,450.0,473.71,490.0,473.71,,,,,473.71,0.0,0.0
2026-08-27,Lahore,Pulse Masoor (Washed),pulse_masoor_washed,1 Kg,1 kg,https://www.pbs.gov.pk/wp-content/uploads/2020/07/Annex_27.08.2026.xlsx,data/raw/pbs_history/2026-08-27_phase1.xlsx,pbs-weekly-v2,230.0,235.19,240.0,235.19,,,,,249.1,-0.05584102769971899,-0.05584102769971899
2026-08-27,Lahore,Pulse Moong (Washed),pulse_moong_washed,1 Kg,1 kg,https://www.pbs.gov.pk/wp-content/uploads/2020/07/Annex_27.08.2026.xlsx,data/raw/pbs_history/2026-08-27_phase1.xlsx,pbs-weekly-v2,320.0,328.98,340.0,328.98,,,,,346.54,-0.050672361055000836,-0.050672361055000836
2026-08-27,Lahore,Rice Basmati Broken (Average Quality),rice_basmati_broken_average_quality,1 Kg,1 kg,https://www.pbs.gov.pk/wp-content/uploads/2020/07/Annex_27.08.2026.xlsx,data/raw/pbs_history/2026-08-27_phase1.xlsx,pbs-weekly-v2,220.0,228.47,240.0,228.47,,,,,228.47,0.0,0.0
2026-08-27,Lahore,Rice IRRI-6/9 (Sindh/Punjab),rice_irri_6_9_sindh_punjab,1 Kg,1 kg,https://www.pbs.gov.pk/wp-content/uploads/2020/07/Annex_27.08.2026.xlsx,data/raw/pbs_history/2026-08-27_phase1.xlsx,pbs-weekly-v2,0.0,0.0,0.0,0.0,,,,,160.0,-1.0,-1.0
2026-08-27,Lahore,Salt Powdered (NATIONAL/SHAN) 800 gm Packet,salt_powdered_national_shan_800_gm_packet,Each,each,https://www.pbs.gov.pk/wp-content/uploads/2020/07/Annex_27.08.2026.xlsx,data/raw/pbs_history/2026-08-27_phase1.xlsx,pbs-weekly-v2,60.0,60.0,60.0,60.0,,,,,60.0,0.0,0.0
2026-08-27,Lahore,Shirting (Average Quality),shirting_average_quality,1 mtr,1 mtr,https://www.pbs.gov.pk/wp-content/uploads/2020/07/Annex_27.08.2026.xlsx,data/raw/pbs_history/2026-08-27_phase1.xlsx,pbs-weekly-v2,430.0,464.01,490.0,464.01,,,,,691.63,-0.32910660324161767,-0.32910660324161767
2026-08-27,Lahore,Sufi Washing Soap 250 gm Cake,sufi_washing_soap_250_gm_cake,Each,each,https://www.pbs.gov.pk/wp-content/uploads/2020/07/Annex_27.08.2026.xlsx,data/raw/pbs_history/2026-08-27_phase1.xlsx,pbs-weekly-v2,150.0,150.0,150.0,150.0,,,,,150.0,0.0,0.0
2026-08-27,Lahore,Sugar Refined,sugar_refined,1 Kg,1 kg,https://www.pbs.gov.pk/wp-content/uploads/2020/07/Annex_27.08.2026.xlsx,data/raw/pbs_history/2026-08-27_phase1.xlsx,pbs-weekly-v2,145.0,148.31,150.0,148.31,,,,,150.0,-0.011266666666666647,-0.011266666666666647
2026-08-27,Lahore,Tea Lipton Yellow Label 190 gm Packet,tea_lipton_yellow_label_190_gm_packet,Each,each,https://www.pbs.gov.pk/wp-content/uploads/2020/07/Annex_27.08.2026.xlsx,data/raw/pbs_history/2026-08-27_phase1.xlsx,pbs-weekly-v2,469.4,469.41,469.41,469.41,,,,,469.41,0.0,0.0
2026-08-27,Lahore,Tea Prepared Ordinary,tea_prepared_ordinary,Per Cup,per cup,https://www.pbs.gov.pk/wp-content/uploads/2020/07/Annex_27.08.2026.xlsx,data/raw/pbs_history/2026-08-27_phase1.xlsx,pbs-weekly-v2,70.0,71.35,80.0,71.35,,,,,69.9,0.020743919885550577,0.020743919885550577
2026-08-27,Lahore,Telephone Call Charges,telephone_call_charges,Per Minute,per minute,https://www.pbs.gov.pk/wp-content/uploads/2020/07/Annex_27.08.2026.xlsx,data/raw/pbs_history/2026-08-27_phase1.xlsx,pbs-weekly-v2,1.79,1.79,1.79,1.79,,,,,1.79,0.0,0.0
2026-08-27,Lahore,Toilet Soap LIFEBUOY 115 gm,toilet_soap_lifebuoy_115_gm,Each,each,https://www.pbs.gov.pk/wp-content/uploads/2020/07/Annex_27.08.2026.xlsx,data/raw/pbs_history/2026-08-27_phase1.xlsx,pbs-weekly-v2,136.02,136.02,136.02,136.02,,,,,136.02,0.0,0.0
2026-08-27,Lahore,Tomatoes,tomatoes,1 Kg,1 kg,https://www.pbs.gov.pk/wp-content/uploads/2020/07/Annex_27.08.2026.xlsx,data/raw/pbs_history/2026-08-27_phase1.xlsx,pbs-weekly-v2,190.0,201.71,220.0,201.71,,,,,250.0,-0.19316,-0.19316
2026-08-27,Lahore,Vegetable Ghee DALDA/HABIB 2.5 kg Tin,vegetable_ghee_dalda_habib_2_5_kg_tin,Each,each,https://www.pbs.gov.pk/wp-content/uploads/2020/07/Annex_27.08.2026.xlsx,data/raw/pbs_history/2026-08-27_phase1.xlsx,pbs-weekly-v2,1580.0,1580.0,1580.0,1580.0,,,,,1580.0,0.0,0.0
2026-08-27,Lahore,Vegetable Ghee DALDA/HABIB or Other superior Quality 1 kg Pouch,vegetable_ghee_dalda_habib_or_other_superior_quality_1_kg_pouch,Each,each,https://www.pbs.gov.pk/wp-content/uploads/2020/07/Annex_27.08.2026.xlsx,data/raw/pbs_history/2026-08-27_phase1.xlsx,pbs-weekly-v2,615.0,615.0,615.0,615.0,,,,,615.0,0.0,0.0
2026-08-27,Lahore,Wheat Flour Bag,wheat_flour_bag,20 Kg,20 kg,https://www.pbs.gov.pk/wp-content/uploads/2020/07/Annex_27.08.2026.xlsx,data/raw/pbs_history/2026-08-27_phase1.xlsx,pbs-weekly-v2,2250.0,2268.92,2300.0,2268.92,,,,,2583.72,-0.12183982784512248,-0.12183982784512248
2026-08-27,Rawalpindi,Bananas (Kela) Local,bananas_kela_local,1 Dozen,1 dozen,https://www.pbs.gov.pk/wp-content/uploads/2020/07/Annex_27.08.2026.xlsx,data/raw/pbs_history/2026-08-27_phase1.xlsx,pbs-weekly-v2,230.0,248.13,290.0,248.13,,,,,200.0,0.24065000000000003,0.24065000000000003
2026-08-27,Rawalpindi,Beef with Bone (Average Quality),beef_with_bone_average_quality,1 Kg,1 kg,https://www.pbs.gov.pk/wp-content/uploads/2020/07/Annex_27.08.2026.xlsx,data/raw/pbs_history/2026-08-27_phase1.xlsx,pbs-weekly-v2,1450.0,1515.94,1600.0,1515.94,,,,,1300.0,0.1661076923076923,0.1661076923076923
2026-08-27,Rawalpindi,Bread plain (Small Size),bread_plain_small_size,Each,each,https://www.pbs.gov.pk/wp-content/uploads/2020/07/Annex_27.08.2026.xlsx,data/raw/pbs_history/2026-08-27_phase1.xlsx,pbs-weekly-v2,120.0,120.0,120.0,120.0,,,,,120.0,0.0,0.0
2026-08-27,Rawalpindi,Chicken Farm Broiler (Live),chicken_farm_broiler_live,1 Kg,1 kg,https://www.pbs.gov.pk/wp-content/uploads/2020/07/Annex_27.08.2026.xlsx,data/raw/pbs_history/2026-08-27_phase1.xlsx,pbs-weekly-v2,360.0,373.95,380.0,373.95,,,,,368.0,0.016168478260869534,0.016168478260869534
2026-08-27,Rawalpindi,Chilies Powder NATIONAL 200 gm Packet,chilies_powder_national_200_gm_packet,Each,each,https://www.pbs.gov.pk/wp-content/uploads/2020/07/Annex_27.08.2026.xlsx,data/raw/pbs_history/2026-08-27_phase1.xlsx,pbs-weekly-v2,380.0,380.0,380.0,380.0,,,,,380.0,0.0,0.0
2026-08-27,Rawalpindi,Cigarettes Capstan 20'S Packet,cigarettes_capstan_20_s_packet,Each,each,https://www.pbs.gov.pk/wp-content/uploads/2020/07/Annex_27.08.2026.xlsx,data/raw/pbs_history/2026-08-27_phase1.xlsx,pbs-weekly-v2,250.0,250.0,250.0,250.0,,,,,250.0,0.0,0.0
2026-08-27,Rawalpindi,Cooked Beef at Average Hotel,cooked_beef_at_average_hotel,Per Plate,per plate,https://www.pbs.gov.pk/wp-content/uploads/2020/07/Annex_27.08.2026.xlsx,data/raw/pbs_history/2026-08-27_phase1.xlsx,pbs-weekly-v2,300.0,336.27,350.0,336.27,,,,,336.27,0.0,0.0
2026-08-27,Rawalpindi,Cooked Daal at Average Hotel,cooked_daal_at_average_hotel,Per Plate,per plate,https://www.pbs.gov.pk/wp-content/uploads/2020/07/Annex_27.08.2026.xlsx,data/raw/pbs_history/2026-08-27_phase1.xlsx,pbs-weekly-v2,200.0,220.86,250.0,220.86,,,,,190.0,0.16242105263157902,0.16242105263157902
2026-08-27,Rawalpindi,"Cooking Oil DALDA or Other Similar Brand (SN), 5 Litre Tin",cooking_oil_dalda_or_other_similar_brand_sn_5_litre_tin,Each,each,https://www.pbs.gov.pk/wp-content/uploads/2020/07/Annex_27.08.2026.xlsx,data/raw/pbs_history/2026-08-27_phase1.xlsx,pbs-weekly-v2,3090.0,3090.0,3090.0,3090.0,,,,,3090.0,0.0,0.0
2026-08-27,Rawalpindi,Curd (Dahi) Loose,curd_dahi_loose,1 Kg,1 kg,https://www.pbs.gov.pk/wp-content/uploads/2020/07/Annex_27.08.2026.xlsx,data/raw/pbs_history/2026-08-27_phase1.xlsx,pbs-weekly-v2,240.0,266.4,280.0,266.4,,,,,240.0,0.10999999999999988,0.10999999999999988
2026-08-27,Rawalpindi,Eggs Hen (Farm),eggs_hen_farm,1 Dozen,1 dozen,https://www.pbs.gov.pk/wp-content/uploads/2020/07/Annex_27.08.2026.xlsx,data/raw/pbs_history/2026-08-27_phase1.xlsx,pbs-weekly-v2,245.0,249.96,260.0,249.96,,,,,241.0,0.03717842323651466,0.03717842323651466
2026-08-27,Rawalpindi,Electricity Charges for Q1*,electricity_charges_for_q1,Per Unit,per unit,https://www.pbs.gov.pk/wp-content/uploads/2020/07/Annex_27.08.2026.xlsx,data/raw/pbs_history/2026-08-27_phase1.xlsx,pbs-weekly-v2,6.45,6.45,6.45,6.45,,,,,6.45,0.0,0.0
2026-08-27,Rawalpindi,Energy Saver Philips 14 Watt,energy_saver_philips_14_watt,Each,each,https://www.pbs.gov.pk/wp-content/uploads/2020/07/Annex_27.08.2026.xlsx,data/raw/pbs_history/2026-08-27_phase1.xlsx,pbs-weekly-v2,240.0,260.4,280.0,260.4,,,,,550.0,-0.5265454545454546,-0.5265454545454546
2026-08-27,Rawalpindi,Firewood Whole,firewood_whole,40 Kg,40 kg,https://www.pbs.gov.pk/wp-content/uploads/2020/07/Annex_27.08.2026.xlsx,data/raw/pbs_history/2026-08-27_phase1.xlsx,pbs-weekly-v2,1500.0,1762.08,1950.0,1762.08,,,,,1800.0,-0.021066666666666678,-0.021066666666666678
2026-08-27,Rawalpindi,Garlic (Lehsun),garlic_lehsun,1 Kg,1 kg,https://www.pbs.gov.pk/wp-content/uploads/2020/07/Annex_27.08.2026.xlsx,data/raw/pbs_history/2026-08-27_phase1.xlsx,pbs-weekly-v2,280.0,409.95,500.0,409.95,,,,,382.59,0.07151258527405324,0.07151258527405324
2026-08-27,Rawalpindi,Gas Charges for Q1,gas_charges_for_q1,MMBTU,mmbtu,https://www.pbs.gov.pk/wp-content/uploads/2020/07/Annex_27.08.2026.xlsx,data/raw/pbs_history/2026-08-27_phase1.xlsx,pbs-weekly-v2,2566.5,2566.5,2566.5,2566.5,,,,,2566.5,0.0,0.0
2026-08-27,Rawalpindi,Gents Sandal Bata,gents_sandal_bata,Pair,pair,https://www.pbs.gov.pk/wp-content/uploads/2020/07/Annex_27.08.2026.xlsx,data/raw/pbs_history/2026-08-27_phase1.xlsx,pbs-weekly-v2,2499.0,2499.0,2499.0,2499.0,,,,,2499.0,0.0,0.0
2026-08-27,Rawalpindi,Gents Sponge Chappal Bata,gents_sponge_chappal_bata,Pair,pair,https://www.pbs.gov.pk/wp-content/uploads/2020/07/Annex_27.08.2026.xlsx,data/raw/pbs_history/2026-08-27_phase1.xlsx,pbs-weekly-v2,699.0,699.0,699.0,699.0,,,,,699.0,0.0,0.0
2026-08-27,Rawalpindi,Georgette (Average Quality),georgette_average_quality,1 mtr,1 mtr,https://www.pbs.gov.pk/wp-content/uploads/2020/07/Annex_27.08.2026.xlsx,data/raw/pbs_history/2026-08-27_phase1.xlsx,pbs-weekly-v2,400.0,422.27,460.0,422.27,,,,,400.0,0.05567499999999992,0.05567499999999992
2026-08-27,Rawalpindi,Gur (Average Quality),gur_average_quality,1 Kg,1 kg,https://www.pbs.gov.pk/wp-content/uploads/2020/07/Annex_27.08.2026.xlsx,data/raw/pbs_history/2026-08-27_phase1.xlsx,pbs-weekly-v2,250.0,255.93,270.0,255.93,,,,,226.47,0.13008345476222027,0.13008345476222027
2026-08-27,Rawalpindi,Hi-Speed Diesel,hi_speed_diesel,Per Litre,per litre,https://www.pbs.gov.pk/wp-content/uploads/2020/07/Annex_27.08.2026.xlsx,data/raw/pbs_history/2026-08-27_phase1.xlsx,pbs-weekly-v2,373.18,373.21,373.32,373.21,,,,,373.32,-0.0002946533804779605,-0.0002946533804779605
2026-08-27,Rawalpindi,Ladies Sandal Bata,ladies_sandal_bata,Pair,pair,https://www.pbs.gov.pk/wp-content/uploads/2020/07/Annex_27.08.2026.xlsx,data/raw/pbs_history/2026-08-27_phase1.xlsx,pbs-weekly-v2,1499.0,1499.0,1499.0,1499.0,,,,,1499.0,0.0,0.0
2026-08-27,Rawalpindi,Lawn Printed Gul Ahmed/Al Karam,lawn_printed_gul_ahmed_al_karam,1 mtr,1 mtr,https://www.pbs.gov.pk/wp-content/uploads/2020/07/Annex_27.08.2026.xlsx,data/raw/pbs_history/2026-08-27_phase1.xlsx,pbs-weekly-v2,580.0,634.78,670.0,634.78,,,,,700.0,-0.09317142857142857,-0.09317142857142857
2026-08-27,Rawalpindi,"Long Cloth 57"" Gul Ahmed/Al Karam",long_cloth_57_gul_ahmed_al_karam,1 mtr,1 mtr,https://www.pbs.gov.pk/wp-content/uploads/2020/07/Annex_27.08.2026.xlsx,data/raw/pbs_history/2026-08-27_phase1.xlsx,pbs-weekly-v2,730.0,774.35,800.0,774.35,,,,,700.0,0.10621428571428582,0.10621428571428582
2026-08-27,Rawalpindi,LPG 11.67 kg Cylinder,lpg_11_67_kg_cylinder,Each,each,https://www.pbs.gov.pk/wp-content/uploads/2020/07/Annex_27.08.2026.xlsx,data/raw/pbs_history/2026-08-27_phase1.xlsx,pbs-weekly-v2,4850.0,4985.72,5150.0,4985.72,,,,,4788.74,0.04113399349306923,0.04113399349306923
2026-08-27,Rawalpindi,Match Box,match_box,Each,each,https://www.pbs.gov.pk/wp-content/uploads/2020/07/Annex_27.08.2026.xlsx,data/raw/pbs_history/2026-08-27_phase1.xlsx,pbs-weekly-v2,6.0,6.0,6.0,6.0,,,,,6.0,0.0,0.0
2026-08-27,Rawalpindi,Milk fresh (Un-boiled),milk_fresh_un_boiled,1 Ltr,1 ltr,https://www.pbs.gov.pk/wp-content/uploads/2020/07/Annex_27.08.2026.xlsx,data/raw/pbs_history/2026-08-27_phase1.xlsx,pbs-weekly-v2,220.0,242.38,260.0,242.38,,,,,212.79,0.13905728652662241,0.13905728652662241
2026-08-27,Rawalpindi,Mustard Oil (Average Quality),mustard_oil_average_quality,1 Kg,1 kg,https://www.pbs.gov.pk/wp-content/uploads/2020/07/Annex_27.08.2026.xlsx,data/raw/pbs_history/2026-08-27_phase1.xlsx,pbs-weekly-v2,650.0,659.3,670.0,659.3,,,,,560.0,0.1773214285714284,0.1773214285714284
2026-08-27,Rawalpindi,Mutton (Average Quality),mutton_average_quality,1 Kg,1 kg,https://www.pbs.gov.pk/wp-content/uploads/2020/07/Annex_27.08.2026.xlsx,data/raw/pbs_history/2026-08-27_phase1.xlsx,pbs-weekly-v2,2700.0,2786.4,2850.0,2786.4,,,,,2600.0,0.07169230769230772,0.07169230769230772
2026-08-27,Rawalpindi,Onions,onions,1 Kg,1 kg,https://www.pbs.gov.pk/wp-content/uploads/2020/07/Annex_27.08.2026.xlsx,data/raw/pbs_history/2026-08-27_phase1.xlsx,pbs-weekly-v2,185.0,219.62,240.0,219.62,,,,,196.61,0.11703372158079439,0.11703372158079439
2026-08-27,Rawalpindi,Petrol Super,petrol_super,Per Litre,per litre,https://www.pbs.gov.pk/wp-content/uploads/2020/07/Annex_27.08.2026.xlsx,data/raw/pbs_history/2026-08-27_phase1.xlsx,pbs-weekly-v2,344.5,344.52,344.62,344.52,,,,,344.62,-0.0002901746851605713,-0.0002901746851605713
2026-08-27,Rawalpindi,Potatoes,potatoes,1 Kg,1 kg,https://www.pbs.gov.pk/wp-content/uploads/2020/07/Annex_27.08.2026.xlsx,data/raw/pbs_history/2026-08-27_phase1.xlsx,pbs-weekly-v2,50.0,67.9,80.0,67.9,,,,,60.0,0.13166666666666682,0.13166666666666682
2026-08-27,Rawalpindi,Powdered Milk NIDO 390 gm Polybag,powdered_milk_nido_390_gm_polybag,Each,each,https://www.pbs.gov.pk/wp-content/uploads/2020/07/Annex_27.08.2026.xlsx,data/raw/pbs_history/2026-08-27_phase1.xlsx,pbs-weekly-v2,1160.0,1176.63,1200.0,1176.63,,,,,1170.0,0.005666666666666709,0.005666666666666709
2026-08-27,Rawalpindi,Pulse Gram,pulse_gram,1 Kg,1 kg,https://www.pbs.gov.pk/wp-content/uploads/2020/07/Annex_27.08.2026.xlsx,data/raw/pbs_history/2026-08-27_phase1.xlsx,pbs-weekly-v2,280.0,295.91,310.0,295.91,,,,,256.62,0.1531057594887384,0.1531057594887384
2026-08-27,Rawalpindi,Pulse Mash (Washed),pulse_mash_washed,1 Kg,1 kg,https://www.pbs.gov.pk/wp-content/uploads/2020/07/Annex_27.08.2026.xlsx,data/raw/pbs_history/2026-08-27_phase1.xlsx,pbs-weekly-v2,480.0,493.88,520.0,493.88,,,,,473.71,0.04257879293238487,0.04257879293238487
2026-08-27,Rawalpindi,Pulse Masoor (Washed),pulse_masoor_washed,1 Kg,1 kg,https://www.pbs.gov.pk/wp-content/uploads/2020/07/Annex_27.08.2026.xlsx,data/raw/pbs_history/2026-08-27_phase1.xlsx,pbs-weekly-v2,290.0,300.57,310.0,300.57,,,,,249.1,0.20662384584504223,0.20662384584504223
2026-08-27,Rawalpindi,Pulse Moong (Washed),pulse_moong_washed,1 Kg,1 kg,https://www.pbs.gov.pk/wp-content/uploads/2020/07/Annex_27.08.2026.xlsx,data/raw/pbs_history/2026-08-27_phase1.xlsx,pbs-weekly-v2,340.0,359.58,370.0,359.58,,,,,346.54,0.03762913372193677,0.03762913372193677
2026-08-27,Rawalpindi,Rice Basmati Broken (Average Quality),rice_basmati_broken_average_quality,1 Kg,1 kg,https://www.pbs.gov.pk/wp-content/uploads/2020/07/Annex_27.08.2026.xlsx,data/raw/pbs_history/2026-08-27_phase1.xlsx,pbs-weekly-v2,260.0,270.58,280.0,270.58,,,,,228.47,0.1843130389110168,0.1843130389110168
2026-08-27,Rawalpindi,Rice IRRI-6/9 (Sindh/Punjab),rice_irri_6_9_sindh_punjab,1 Kg,1 kg,https://www.pbs.gov.pk/wp-content/uploads/2020/07/Annex_27.08.2026.xlsx,data/raw/pbs_history/2026-08-27_phase1.xlsx,pbs-weekly-v2,150.0,164.27,180.0,164.27,,,,,160.0,0.026687499999999975,0.026687499999999975
2026-08-27,Rawalpindi,Salt Powdered (NATIONAL/SHAN) 800 gm Packet,salt_powdered_national_shan_800_gm_packet,Each,each,https://www.pbs.gov.pk/wp-content/uploads/2020/07/Annex_27.08.2026.xlsx,data/raw/pbs_history/2026-08-27_phase1.xlsx,pbs-weekly-v2,60.0,60.0,60.0,60.0,,,,,60.0,0.0,0.0
2026-08-27,Rawalpindi,Shirting (Average Quality),shirting_average_quality,1 mtr,1 mtr,https://www.pbs.gov.pk/wp-content/uploads/2020/07/Annex_27.08.2026.xlsx,data/raw/pbs_history/2026-08-27_phase1.xlsx,pbs-weekly-v2,650.0,691.63,750.0,691.63,,,,,691.63,0.0,0.0
2026-08-27,Rawalpindi,Sufi Washing Soap 250 gm Cake,sufi_washing_soap_250_gm_cake,Each,each,https://www.pbs.gov.pk/wp-content/uploads/2020/07/Annex_27.08.2026.xlsx,data/raw/pbs_history/2026-08-27_phase1.xlsx,pbs-weekly-v2,150.0,153.26,160.0,153.26,,,,,150.0,0.021733333333333382,0.021733333333333382
2026-08-27,Rawalpindi,Sugar Refined,sugar_refined,1 Kg,1 kg,https://www.pbs.gov.pk/wp-content/uploads/2020/07/Annex_27.08.2026.xlsx,data/raw/pbs_history/2026-08-27_phase1.xlsx,pbs-weekly-v2,150.0,150.0,150.0,150.0,,,,,150.0,0.0,0.0
2026-08-27,Rawalpindi,Tea Lipton Yellow Label 190 gm Packet,tea_lipton_yellow_label_190_gm_packet,Each,each,https://www.pbs.gov.pk/wp-content/uploads/2020/07/Annex_27.08.2026.xlsx,data/raw/pbs_history/2026-08-27_phase1.xlsx,pbs-weekly-v2,469.41,469.41,469.41,469.41,,,,,469.41,0.0,0.0
2026-08-27,Rawalpindi,Tea Prepared Ordinary,tea_prepared_ordinary,Per Cup,per cup,https://www.pbs.gov.pk/wp-content/uploads/2020/07/Annex_27.08.2026.xlsx,data/raw/pbs_history/2026-08-27_phase1.xlsx,pbs-weekly-v2,60.0,69.9,80.0,69.9,,,,,69.9,0.0,0.0
2026-08-27,Rawalpindi,Telephone Call Charges,telephone_call_charges,Per Minute,per minute,https://www.pbs.gov.pk/wp-content/uploads/2020/07/Annex_27.08.2026.xlsx,data/raw/pbs_history/2026-08-27_phase1.xlsx,pbs-weekly-v2,1.79,1.79,1.79,1.79,,,,,1.79,0.0,0.0
2026-08-27,Rawalpindi,Toilet Soap LIFEBUOY 115 gm,toilet_soap_lifebuoy_115_gm,Each,each,https://www.pbs.gov.pk/wp-content/uploads/2020/07/Annex_27.08.2026.xlsx,data/raw/pbs_history/2026-08-27_phase1.xlsx,pbs-weekly-v2,136.02,136.02,136.02,136.02,,,,,136.02,0.0,0.0
2026-08-27,Rawalpindi,Tomatoes,tomatoes,1 Kg,1 kg,https://www.pbs.gov.pk/wp-content/uploads/2020/07/Annex_27.08.2026.xlsx,data/raw/pbs_history/2026-08-27_phase1.xlsx,pbs-weekly-v2,220.0,246.23,270.0,246.23,,,,,250.0,-0.015080000000000093,-0.015080000000000093
2026-08-27,Rawalpindi,Vegetable Ghee DALDA/HABIB 2.5 kg Tin,vegetable_ghee_dalda_habib_2_5_kg_tin,Each,each,https://www.pbs.gov.pk/wp-content/uploads/2020/07/Annex_27.08.2026.xlsx,data/raw/pbs_history/2026-08-27_phase1.xlsx,pbs-weekly-v2,1580.0,1580.0,1580.0,1580.0,,,,,1580.0,0.0,0.0
2026-08-27,Rawalpindi,Vegetable Ghee DALDA/HABIB or Other superior Quality 1 kg Pouch,vegetable_ghee_dalda_habib_or_other_superior_quality_1_kg_pouch,Each,each,https://www.pbs.gov.pk/wp-content/uploads/2020/07/Annex_27.08.2026.xlsx,data/raw/pbs_history/2026-08-27_phase1.xlsx,pbs-weekly-v2,615.0,615.0,615.0,615.0,,,,,615.0,0.0,0.0
2026-08-27,Rawalpindi,Wheat Flour Bag,wheat_flour_bag,20 Kg,20 kg,https://www.pbs.gov.pk/wp-content/uploads/2020/07/Annex_27.08.2026.xlsx,data/raw/pbs_history/2026-08-27_phase1.xlsx,pbs-weekly-v2,2200.0,2782.24,3066.67,2782.24,,,,,2583.72,0.07683495115569805,0.07683495115569805
2026-08-27,Sargodha,Bananas (Kela) Local,bananas_kela_local,1 Dozen,1 dozen,https://www.pbs.gov.pk/wp-content/uploads/2020/07/Annex_27.08.2026.xlsx,data/raw/pbs_history/2026-08-27_phase1.xlsx,pbs-weekly-v2,180.0,180.0,180.0,180.0,,,,,200.0,-0.09999999999999998,-0.09999999999999998
2026-08-27,Sargodha,Beef with Bone (Average Quality),beef_with_bone_average_quality,1 Kg,1 kg,https://www.pbs.gov.pk/wp-content/uploads/2020/07/Annex_27.08.2026.xlsx,data/raw/pbs_history/2026-08-27_phase1.xlsx,pbs-weekly-v2,1150.0,1183.1,1200.0,1183.1,,,,,1300.0,-0.089923076923077,-0.089923076923077
2026-08-27,Sargodha,Bread plain (Small Size),bread_plain_small_size,Each,each,https://www.pbs.gov.pk/wp-content/uploads/2020/07/Annex_27.08.2026.xlsx,data/raw/pbs_history/2026-08-27_phase1.xlsx,pbs-weekly-v2,100.0,100.0,100.0,100.0,,,,,120.0,-0.16666666666666663,-0.16666666666666663
2026-08-27,Sargodha,Chicken Farm Broiler (Live),chicken_farm_broiler_live,1 Kg,1 kg,https://www.pbs.gov.pk/wp-content/uploads/2020/07/Annex_27.08.2026.xlsx,data/raw/pbs_history/2026-08-27_phase1.xlsx,pbs-weekly-v2,360.0,361.66,365.0,361.66,,,,,368.0,-0.017228260869565193,-0.017228260869565193
2026-08-27,Sargodha,Chilies Powder NATIONAL 200 gm Packet,chilies_powder_national_200_gm_packet,Each,each,https://www.pbs.gov.pk/wp-content/uploads/2020/07/Annex_27.08.2026.xlsx,data/raw/pbs_history/2026-08-27_phase1.xlsx,pbs-weekly-v2,380.0,380.0,380.0,380.0,,,,,380.0,0.0,0.0
2026-08-27,Sargodha,Cigarettes Capstan 20'S Packet,cigarettes_capstan_20_s_packet,Each,each,https://www.pbs.gov.pk/wp-content/uploads/2020/07/Annex_27.08.2026.xlsx,data/raw/pbs_history/2026-08-27_phase1.xlsx,pbs-weekly-v2,240.0,240.0,240.0,240.0,,,,,250.0,-0.040000000000000036,-0.040000000000000036
2026-08-27,Sargodha,Cooked Beef at Average Hotel,cooked_beef_at_average_hotel,Per Plate,per plate,https://www.pbs.gov.pk/wp-content/uploads/2020/07/Annex_27.08.2026.xlsx,data/raw/pbs_history/2026-08-27_phase1.xlsx,pbs-weekly-v2,300.0,300.0,300.0,300.0,,,,,336.27,-0.10785975555357297,-0.10785975555357297
2026-08-27,Sargodha,Cooked Daal at Average Hotel,cooked_daal_at_average_hotel,Per Plate,per plate,https://www.pbs.gov.pk/wp-content/uploads/2020/07/Annex_27.08.2026.xlsx,data/raw/pbs_history/2026-08-27_phase1.xlsx,pbs-weekly-v2,150.0,150.0,150.0,150.0,,,,,190.0,-0.21052631578947367,-0.21052631578947367
2026-08-27,Sargodha,"Cooking Oil DALDA or Other Similar Brand (SN), 5 Litre Tin",cooking_oil_dalda_or_other_similar_brand_sn_5_litre_tin,Each,each,https://www.pbs.gov.pk/wp-content/uploads/2020/07/Annex_27.08.2026.xlsx,data/raw/pbs_history/2026-08-27_phase1.xlsx,pbs-weekly-v2,3065.0,3065.0,3065.0,3065.0,,,,,3090.0,-0.008090614886731351,-0.008090614886731351
2026-08-27,Sargodha,Curd (Dahi) Loose,curd_dahi_loose,1 Kg,1 kg,https://www.pbs.gov.pk/wp-content/uploads/2020/07/Annex_27.08.2026.xlsx,data/raw/pbs_history/2026-08-27_phase1.xlsx,pbs-weekly-v2,220.0,223.28,230.0,223.28,,,,,240.0,-0.06966666666666665,-0.06966666666666665
2026-08-27,Sargodha,Eggs Hen (Farm),eggs_hen_farm,1 Dozen,1 dozen,https://www.pbs.gov.pk/wp-content/uploads/2020/07/Annex_27.08.2026.xlsx,data/raw/pbs_history/2026-08-27_phase1.xlsx,pbs-weekly-v2,240.0,240.0,240.0,240.0,,,,,241.0,-0.004149377593360981,-0.004149377593360981
2026-08-27,Sargodha,Electricity Charges for Q1*,electricity_charges_for_q1,Per Unit,per unit,https://www.pbs.gov.pk/wp-content/uploads/2020/07/Annex_27.08.2026.xlsx,data/raw/pbs_history/2026-08-27_phase1.xlsx,pbs-weekly-v2,6.45,6.45,6.45,6.45,,,,,6.45,0.0,0.0
2026-08-27,Sargodha,Energy Saver Philips 14 Watt,energy_saver_philips_14_watt,Each,each,https://www.pbs.gov.pk/wp-content/uploads/2020/07/Annex_27.08.2026.xlsx,data/raw/pbs_history/2026-08-27_phase1.xlsx,pbs-weekly-v2,550.0,550.0,550.0,550.0,,,,,550.0,0.0,0.0
2026-08-27,Sargodha,Firewood Whole,firewood_whole,40 Kg,40 kg,https://www.pbs.gov.pk/wp-content/uploads/2020/07/Annex_27.08.2026.xlsx,data/raw/pbs_history/2026-08-27_phase1.xlsx,pbs-weekly-v2,1350.0,1383.13,1400.0,1383.13,,,,,1800.0,-0.23159444444444444,-0.23159444444444444
2026-08-27,Sargodha,Garlic (Lehsun),garlic_lehsun,1 Kg,1 kg,https://www.pbs.gov.pk/wp-content/uploads/2020/07/Annex_27.08.2026.xlsx,data/raw/pbs_history/2026-08-27_phase1.xlsx,pbs-weekly-v2,450.0,450.0,450.0,450.0,,,,,382.59,0.17619383674429545,0.17619383674429545
2026-08-27,Sargodha,Gas Charges for Q1,gas_charges_for_q1,MMBTU,mmbtu,https://www.pbs.gov.pk/wp-content/uploads/2020/07/Annex_27.08.2026.xlsx,data/raw/pbs_history/2026-08-27_phase1.xlsx,pbs-weekly-v2,2566.5,2566.5,2566.5,2566.5,,,,,2566.5,0.0,0.0
2026-08-27,Sargodha,Gents Sandal Bata,gents_sandal_bata,Pair,pair,https://www.pbs.gov.pk/wp-content/uploads/2020/07/Annex_27.08.2026.xlsx,data/raw/pbs_history/2026-08-27_phase1.xlsx,pbs-weekly-v2,2499.0,2499.0,2499.0,2499.0,,,,,2499.0,0.0,0.0
2026-08-27,Sargodha,Gents Sponge Chappal Bata,gents_sponge_chappal_bata,Pair,pair,https://www.pbs.gov.pk/wp-content/uploads/2020/07/Annex_27.08.2026.xlsx,data/raw/pbs_history/2026-08-27_phase1.xlsx,pbs-weekly-v2,699.0,699.0,699.0,699.0,,,,,699.0,0.0,0.0
2026-08-27,Sargodha,Georgette (Average Quality),georgette_average_quality,1 mtr,1 mtr,https://www.pbs.gov.pk/wp-content/uploads/2020/07/Annex_27.08.2026.xlsx,data/raw/pbs_history/2026-08-27_phase1.xlsx,pbs-weekly-v2,400.0,400.0,400.0,400.0,,,,,400.0,0.0,0.0
2026-08-27,Sargodha,Gur (Average Quality),gur_average_quality,1 Kg,1 kg,https://www.pbs.gov.pk/wp-content/uploads/2020/07/Annex_27.08.2026.xlsx,data/raw/pbs_history/2026-08-27_phase1.xlsx,pbs-weekly-v2,220.0,223.32,225.0,223.32,,,,,226.47,-0.01390912703669367,-0.01390912703669367
2026-08-27,Sargodha,Hi-Speed Diesel,hi_speed_diesel,Per Litre,per litre,https://www.pbs.gov.pk/wp-content/uploads/2020/07/Annex_27.08.2026.xlsx,data/raw/pbs_history/2026-08-27_phase1.xlsx,pbs-weekly-v2,375.23,375.23,375.23,375.23,,,,,373.32,0.005116254151934063,0.005116254151934063
2026-08-27,Sargodha,Ladies Sandal Bata,ladies_sandal_bata,Pair,pair,https://www.pbs.gov.pk/wp-content/uploads/2020/07/Annex_27.08.2026.xlsx,data/raw/pbs_history/2026-08-27_phase1.xlsx,pbs-weekly-v2,1499.0,1499.0,1499.0,1499.0,,,,,1499.0,0.0,0.0
2026-08-27,Sargodha,Lawn Printed Gul Ahmed/Al Karam,lawn_printed_gul_ahmed_al_karam,1 mtr,1 mtr,https://www.pbs.gov.pk/wp-content/uploads/2020/07/Annex_27.08.2026.xlsx,data/raw/pbs_history/2026-08-27_phase1.xlsx,pbs-weekly-v2,714.0,714.0,714.0,714.0,,,,,700.0,0.020000000000000018,0.020000000000000018
2026-08-27,Sargodha,"Long Cloth 57"" Gul Ahmed/Al Karam",long_cloth_57_gul_ahmed_al_karam,1 mtr,1 mtr,https://www.pbs.gov.pk/wp-content/uploads/2020/07/Annex_27.08.2026.xlsx,data/raw/pbs_history/2026-08-27_phase1.xlsx,pbs-weekly-v2,700.0,700.0,700.0,700.0,,,,,700.0,0.0,0.0
2026-08-27,Sargodha,LPG 11.67 kg Cylinder,lpg_11_67_kg_cylinder,Each,each,https://www.pbs.gov.pk/wp-content/uploads/2020/07/Annex_27.08.2026.xlsx,data/raw/pbs_history/2026-08-27_phase1.xlsx,pbs-weekly-v2,4600.0,4600.0,4600.0,4600.0,,,,,4788.74,-0.03941329034359764,-0.03941329034359764
2026-08-27,Sargodha,Match Box,match_box,Each,each,https://www.pbs.gov.pk/wp-content/uploads/2020/07/Annex_27.08.2026.xlsx,data/raw/pbs_history/2026-08-27_phase1.xlsx,pbs-weekly-v2,6.0,6.0,6.0,6.0,,,,,6.0,0.0,0.0
2026-08-27,Sargodha,Milk fresh (Un-boiled),milk_fresh_un_boiled,1 Ltr,1 ltr,https://www.pbs.gov.pk/wp-content/uploads/2020/07/Annex_27.08.2026.xlsx,data/raw/pbs_history/2026-08-27_phase1.xlsx,pbs-weekly-v2,170.0,176.6,180.0,176.6,,,,,212.79,-0.17007378166267206,-0.17007378166267206
2026-08-27,Sargodha,Mustard Oil (Average Quality),mustard_oil_average_quality,1 Kg,1 kg,https://www.pbs.gov.pk/wp-content/uploads/2020/07/Annex_27.08.2026.xlsx,data/raw/pbs_history/2026-08-27_phase1.xlsx,pbs-weekly-v2,500.0,500.0,500.0,500.0,,,,,560.0,-0.1071428571428571,-0.1071428571428571
2026-08-27,Sargodha,Mutton (Average Quality),mutton_average_quality,1 Kg,1 kg,https://www.pbs.gov.pk/wp-content/uploads/2020/07/Annex_27.08.2026.xlsx,data/raw/pbs_history/2026-08-27_phase1.xlsx,pbs-weekly-v2,2150.0,2183.21,2200.0,2183.21,,,,,2600.0,-0.16030384615384619,-0.16030384615384619
2026-08-27,Sargodha,Onions,onions,1 Kg,1 kg,https://www.pbs.gov.pk/wp-content/uploads/2020/07/Annex_27.08.2026.xlsx,data/raw/pbs_history/2026-08-27_phase1.xlsx,pbs-weekly-v2,150.0,156.59,160.0,156.59,,,,,196.61,-0.20355017547428922,-0.20355017547428922
2026-08-27,Sargodha,Petrol Super,petrol_super,Per Litre,per litre,https://www.pbs.gov.pk/wp-content/uploads/2020/07/Annex_27.08.2026.xlsx,data/raw/pbs_history/2026-08-27_phase1.xlsx,pbs-weekly-v2,346.53,346.53,346.53,346.53,,,,,344.62,0.0055423364865647695,0.0055423364865647695
2026-08-27,Sargodha,Potatoes,potatoes,1 Kg,1 kg,https://www.pbs.gov.pk/wp-content/uploads/2020/07/Annex_27.08.2026.xlsx,data/raw/pbs_history/2026-08-27_phase1.xlsx,pbs-weekly-v2,50.0,72.11,150.0,72.11,,,,,60.0,0.2018333333333333,0.2018333333333333
2026-08-27,Sargodha,Powdered Milk NIDO 390 gm Polybag,powdered_milk_nido_390_gm_polybag,Each,each,https://www.pbs.gov.pk/wp-content/uploads/2020/07/Annex_27.08.2026.xlsx,data/raw/pbs_history/2026-08-27_phase1.xlsx,pbs-weekly-v2,1150.0,1153.32,1160.0,1153.32,,,,,1170.0,-0.014256410256410335,-0.014256410256410335
2026-08-27,Sargodha,Pulse Gram,pulse_gram,1 Kg,1 kg,https://www.pbs.gov.pk/wp-content/uploads/2020/07/Annex_27.08.2026.xlsx,data/raw/pbs_history/2026-08-27_phase1.xlsx,pbs-weekly-v2,250.0,256.62,260.0,256.62,,,,,256.62,0.0,0.0
2026-08-27,Sargodha,Pulse Mash (Washed),pulse_mash_washed,1 Kg,1 kg,https://www.pbs.gov.pk/wp-content/uploads/2020/07/Annex_27.08.2026.xlsx,data/raw/pbs_history/2026-08-27_phase1.xlsx,pbs-weekly-v2,470.0,476.64,480.0,476.64,,,,,473.71,0.006185218804753978,0.006185218804753978
2026-08-27,Sargodha,Pulse Masoor (Washed),pulse_masoor_washed,1 Kg,1 kg,https://www.pbs.gov.pk/wp-content/uploads/2020/07/Annex_27.08.2026.xlsx,data/raw/pbs_history/2026-08-27_phase1.xlsx,pbs-weekly-v2,250.0,253.29,260.0,253.29,,,,,249.1,0.01682055399437976,0.01682055399437976
2026-08-27,Sargodha,Pulse Moong (Washed),pulse_moong_washed,1 Kg,1 kg,https://www.pbs.gov.pk/wp-content/uploads/2020/07/Annex_27.08.2026.xlsx,data/raw/pbs_history/2026-08-27_phase1.xlsx,pbs-weekly-v2,320.0,323.3,330.0,323.3,,,,,346.54,-0.06706296531424949,-0.06706296531424949
2026-08-27,Sargodha,Rice Basmati Broken (Average Quality),rice_basmati_broken_average_quality,1 Kg,1 kg,https://www.pbs.gov.pk/wp-content/uploads/2020/07/Annex_27.08.2026.xlsx,data/raw/pbs_history/2026-08-27_phase1.xlsx,pbs-weekly-v2,160.0,160.0,160.0,160.0,,,,,228.47,-0.29968923709896267,-0.29968923709896267
2026-08-27,Sargodha,Rice IRRI-6/9 (Sindh/Punjab),rice_irri_6_9_sindh_punjab,1 Kg,1 kg,https://www.pbs.gov.pk/wp-content/uploads/2020/07/Annex_27.08.2026.xlsx,data/raw/pbs_history/2026-08-27_phase1.xlsx,pbs-weekly-v2,180.0,186.61,190.0,186.61,,,,,160.0,0.16631250000000009,0.16631250000000009
2026-08-27,Sargodha,Salt Powdered (NATIONAL/SHAN) 800 gm Packet,salt_powdered_national_shan_800_gm_packet,Each,each,https://www.pbs.gov.pk/wp-content/uploads/2020/07/Annex_27.08.2026.xlsx,data/raw/pbs_history/2026-08-27_phase1.xlsx,pbs-weekly-v2,60.0,60.0,60.0,60.0,,,,,60.0,0.0,0.0
2026-08-27,Sargodha,Shirting (Average Quality),shirting_average_quality,1 mtr,1 mtr,https://www.pbs.gov.pk/wp-content/uploads/2020/07/Annex_27.08.2026.xlsx,data/raw/pbs_history/2026-08-27_phase1.xlsx,pbs-weekly-v2,750.0,750.0,750.0,750.0,,,,,691.63,0.08439483538886394,0.08439483538886394
2026-08-27,Sargodha,Sufi Washing Soap 250 gm Cake,sufi_washing_soap_250_gm_cake,Each,each,https://www.pbs.gov.pk/wp-content/uploads/2020/07/Annex_27.08.2026.xlsx,data/raw/pbs_history/2026-08-27_phase1.xlsx,pbs-weekly-v2,150.0,150.0,150.0,150.0,,,,,150.0,0.0,0.0
2026-08-27,Sargodha,Sugar Refined,sugar_refined,1 Kg,1 kg,https://www.pbs.gov.pk/wp-content/uploads/2020/07/Annex_27.08.2026.xlsx,data/raw/pbs_history/2026-08-27_phase1.xlsx,pbs-weekly-v2,145.0,145.0,145.0,145.0,,,,,150.0,-0.033333333333333326,-0.033333333333333326
2026-08-27,Sargodha,Tea Lipton Yellow Label 190 gm Packet,tea_lipton_yellow_label_190_gm_packet,Each,each,https://www.pbs.gov.pk/wp-content/uploads/2020/07/Annex_27.08.2026.xlsx,data/raw/pbs_history/2026-08-27_phase1.xlsx,pbs-weekly-v2,469.41,469.41,469.41,469.41,,,,,469.41,0.0,0.0
2026-08-27,Sargodha,Tea Prepared Ordinary,tea_prepared_ordinary,Per Cup,per cup,https://www.pbs.gov.pk/wp-content/uploads/2020/07/Annex_27.08.2026.xlsx,data/raw/pbs_history/2026-08-27_phase1.xlsx,pbs-weekly-v2,60.0,66.49,70.0,66.49,,,,,69.9,-0.04878397711015747,-0.04878397711015747
2026-08-27,Sargodha,Telephone Call Charges,telephone_call_charges,Per Minute,per minute,https://www.pbs.gov.pk/wp-content/uploads/2020/07/Annex_27.08.2026.xlsx,data/raw/pbs_history/2026-08-27_phase1.xlsx,pbs-weekly-v2,1.79,1.79,1.79,1.79,,,,,1.79,0.0,0.0
2026-08-27,Sargodha,Toilet Soap LIFEBUOY 115 gm,toilet_soap_lifebuoy_115_gm,Each,each,https://www.pbs.gov.pk/wp-content/uploads/2020/07/Annex_27.08.2026.xlsx,data/raw/pbs_history/2026-08-27_phase1.xlsx,pbs-weekly-v2,136.02,136.02,136.02,136.02,,,,,136.02,0.0,0.0
2026-08-27,Sargodha,Tomatoes,tomatoes,1 Kg,1 kg,https://www.pbs.gov.pk/wp-content/uploads/2020/07/Annex_27.08.2026.xlsx,data/raw/pbs_history/2026-08-27_phase1.xlsx,pbs-weekly-v2,200.0,200.0,200.0,200.0,,,,,250.0,-0.19999999999999996,-0.19999999999999996
2026-08-27,Sargodha,Vegetable Ghee DALDA/HABIB 2.5 kg Tin,vegetable_ghee_dalda_habib_2_5_kg_tin,Each,each,https://www.pbs.gov.pk/wp-content/uploads/2020/07/Annex_27.08.2026.xlsx,data/raw/pbs_history/2026-08-27_phase1.xlsx,pbs-weekly-v2,1565.0,1565.0,1565.0,1565.0,,,,,1580.0,-0.009493670886076,-0.009493670886076
2026-08-27,Sargodha,Vegetable Ghee DALDA/HABIB or Other superior Quality 1 kg Pouch,vegetable_ghee_dalda_habib_or_other_superior_quality_1_kg_pouch,Each,each,https://www.pbs.gov.pk/wp-content/uploads/2020/07/Annex_27.08.2026.xlsx,data/raw/pbs_history/2026-08-27_phase1.xlsx,pbs-weekly-v2,615.0,615.0,615.0,615.0,,,,,615.0,0.0,0.0
2026-08-27,Sargodha,Wheat Flour Bag,wheat_flour_bag,20 Kg,20 kg,https://www.pbs.gov.pk/wp-content/uploads/2020/07/Annex_27.08.2026.xlsx,data/raw/pbs_history/2026-08-27_phase1.xlsx,pbs-weekly-v2,2200.0,2384.15,2800.0,2384.15,,,,,2583.72,-0.07724134194107712,-0.07724134194107712
2026-08-27,Sialkot,Bananas (Kela) Local,bananas_kela_local,1 Dozen,1 dozen,https://www.pbs.gov.pk/wp-content/uploads/2020/07/Annex_27.08.2026.xlsx,data/raw/pbs_history/2026-08-27_phase1.xlsx,pbs-weekly-v2,200.0,200.0,200.0,200.0,,,,,200.0,0.0,0.0
2026-08-27,Sialkot,Beef with Bone (Average Quality),beef_with_bone_average_quality,1 Kg,1 kg,https://www.pbs.gov.pk/wp-content/uploads/2020/07/Annex_27.08.2026.xlsx,data/raw/pbs_history/2026-08-27_phase1.xlsx,pbs-weekly-v2,1300.0,1300.0,1300.0,1300.0,,,,,1300.0,0.0,0.0
2026-08-27,Sialkot,Bread plain (Small Size),bread_plain_small_size,Each,each,https://www.pbs.gov.pk/wp-content/uploads/2020/07/Annex_27.08.2026.xlsx,data/raw/pbs_history/2026-08-27_phase1.xlsx,pbs-weekly-v2,130.0,130.0,130.0,130.0,,,,,120.0,0.08333333333333326,0.08333333333333326
2026-08-27,Sialkot,Chicken Farm Broiler (Live),chicken_farm_broiler_live,1 Kg,1 kg,https://www.pbs.gov.pk/wp-content/uploads/2020/07/Annex_27.08.2026.xlsx,data/raw/pbs_history/2026-08-27_phase1.xlsx,pbs-weekly-v2,368.0,368.0,368.0,368.0,,,,,368.0,0.0,0.0
2026-08-27,Sialkot,Chilies Powder NATIONAL 200 gm Packet,chilies_powder_national_200_gm_packet,Each,each,https://www.pbs.gov.pk/wp-content/uploads/2020/07/Annex_27.08.2026.xlsx,data/raw/pbs_history/2026-08-27_phase1.xlsx,pbs-weekly-v2,380.0,380.0,380.0,380.0,,,,,380.0,0.0,0.0
2026-08-27,Sialkot,Cigarettes Capstan 20'S Packet,cigarettes_capstan_20_s_packet,Each,each,https://www.pbs.gov.pk/wp-content/uploads/2020/07/Annex_27.08.2026.xlsx,data/raw/pbs_history/2026-08-27_phase1.xlsx,pbs-weekly-v2,260.0,260.0,260.0,260.0,,,,,250.0,0.040000000000000036,0.040000000000000036
2026-08-27,Sialkot,Cooked Beef at Average Hotel,cooked_beef_at_average_hotel,Per Plate,per plate,https://www.pbs.gov.pk/wp-content/uploads/2020/07/Annex_27.08.2026.xlsx,data/raw/pbs_history/2026-08-27_phase1.xlsx,pbs-weekly-v2,350.0,350.0,350.0,350.0,,,,,336.27,0.040830285187498205,0.040830285187498205
2026-08-27,Sialkot,Cooked Daal at Average Hotel,cooked_daal_at_average_hotel,Per Plate,per plate,https://www.pbs.gov.pk/wp-content/uploads/2020/07/Annex_27.08.2026.xlsx,data/raw/pbs_history/2026-08-27_phase1.xlsx,pbs-weekly-v2,190.0,190.0,190.0,190.0,,,,,190.0,0.0,0.0
2026-08-27,Sialkot,"Cooking Oil DALDA or Other Similar Brand (SN), 5 Litre Tin",cooking_oil_dalda_or_other_similar_brand_sn_5_litre_tin,Each,each,https://www.pbs.gov.pk/wp-content/uploads/2020/07/Annex_27.08.2026.xlsx,data/raw/pbs_history/2026-08-27_phase1.xlsx,pbs-weekly-v2,3090.0,3090.0,3090.0,3090.0,,,,,3090.0,0.0,0.0
2026-08-27,Sialkot,Curd (Dahi) Loose,curd_dahi_loose,1 Kg,1 kg,https://www.pbs.gov.pk/wp-content/uploads/2020/07/Annex_27.08.2026.xlsx,data/raw/pbs_history/2026-08-27_phase1.xlsx,pbs-weekly-v2,190.0,222.02,240.0,222.02,,,,,240.0,-0.07491666666666663,-0.07491666666666663
2026-08-27,Sialkot,Eggs Hen (Farm),eggs_hen_farm,1 Dozen,1 dozen,https://www.pbs.gov.pk/wp-content/uploads/2020/07/Annex_27.08.2026.xlsx,data/raw/pbs_history/2026-08-27_phase1.xlsx,pbs-weekly-v2,270.0,270.0,270.0,270.0,,,,,241.0,0.1203319502074689,0.1203319502074689
2026-08-27,Sialkot,Electricity Charges for Q1*,electricity_charges_for_q1,Per Unit,per unit,https://www.pbs.gov.pk/wp-content/uploads/2020/07/Annex_27.08.2026.xlsx,data/raw/pbs_history/2026-08-27_phase1.xlsx,pbs-weekly-v2,6.45,6.45,6.45,6.45,,,,,6.45,0.0,0.0
2026-08-27,Sialkot,Energy Saver Philips 14 Watt,energy_saver_philips_14_watt,Each,each,https://www.pbs.gov.pk/wp-content/uploads/2020/07/Annex_27.08.2026.xlsx,data/raw/pbs_history/2026-08-27_phase1.xlsx,pbs-weekly-v2,575.0,575.0,575.0,575.0,,,,,550.0,0.045454545454545414,0.045454545454545414
2026-08-27,Sialkot,Firewood Whole,firewood_whole,40 Kg,40 kg,https://www.pbs.gov.pk/wp-content/uploads/2020/07/Annex_27.08.2026.xlsx,data/raw/pbs_history/2026-08-27_phase1.xlsx,pbs-weekly-v2,1600.0,1600.0,1600.0,1600.0,,,,,1800.0,-0.11111111111111116,-0.11111111111111116
2026-08-27,Sialkot,Garlic (Lehsun),garlic_lehsun,1 Kg,1 kg,https://www.pbs.gov.pk/wp-content/uploads/2020/07/Annex_27.08.2026.xlsx,data/raw/pbs_history/2026-08-27_phase1.xlsx,pbs-weekly-v2,200.0,317.48,400.0,317.48,,,,,382.59,-0.17018217935649116,-0.17018217935649116
2026-08-27,Sialkot,Gas Charges for Q1,gas_charges_for_q1,MMBTU,mmbtu,https://www.pbs.gov.pk/wp-content/uploads/2020/07/Annex_27.08.2026.xlsx,data/raw/pbs_history/2026-08-27_phase1.xlsx,pbs-weekly-v2,2566.5,2566.5,2566.5,2566.5,,,,,2566.5,0.0,0.0
2026-08-27,Sialkot,Gents Sandal Bata,gents_sandal_bata,Pair,pair,https://www.pbs.gov.pk/wp-content/uploads/2020/07/Annex_27.08.2026.xlsx,data/raw/pbs_history/2026-08-27_phase1.xlsx,pbs-weekly-v2,2499.0,2499.0,2499.0,2499.0,,,,,2499.0,0.0,0.0
2026-08-27,Sialkot,Gents Sponge Chappal Bata,gents_sponge_chappal_bata,Pair,pair,https://www.pbs.gov.pk/wp-content/uploads/2020/07/Annex_27.08.2026.xlsx,data/raw/pbs_history/2026-08-27_phase1.xlsx,pbs-weekly-v2,699.0,699.0,699.0,699.0,,,,,699.0,0.0,0.0
2026-08-27,Sialkot,Georgette (Average Quality),georgette_average_quality,1 mtr,1 mtr,https://www.pbs.gov.pk/wp-content/uploads/2020/07/Annex_27.08.2026.xlsx,data/raw/pbs_history/2026-08-27_phase1.xlsx,pbs-weekly-v2,300.0,300.0,300.0,300.0,,,,,400.0,-0.25,-0.25
2026-08-27,Sialkot,Gur (Average Quality),gur_average_quality,1 Kg,1 kg,https://www.pbs.gov.pk/wp-content/uploads/2020/07/Annex_27.08.2026.xlsx,data/raw/pbs_history/2026-08-27_phase1.xlsx,pbs-weekly-v2,210.0,210.0,210.0,210.0,,,,,226.47,-0.07272486422042657,-0.07272486422042657
2026-08-27,Sialkot,Hi-Speed Diesel,hi_speed_diesel,Per Litre,per litre,https://www.pbs.gov.pk/wp-content/uploads/2020/07/Annex_27.08.2026.xlsx,data/raw/pbs_history/2026-08-27_phase1.xlsx,pbs-weekly-v2,374.9,374.9,374.9,374.9,,,,,373.32,0.004232294010500404,0.004232294010500404
2026-08-27,Sialkot,Ladies Sandal Bata,ladies_sandal_bata,Pair,pair,https://www.pbs.gov.pk/wp-content/uploads/2020/07/Annex_27.08.2026.xlsx,data/raw/pbs_history/2026-08-27_phase1.xlsx,pbs-weekly-v2,1499.0,1499.0,1499.0,1499.0,,,,,1499.0,0.0,0.0
2026-08-27,Sialkot,Lawn Printed Gul Ahmed/Al Karam,lawn_printed_gul_ahmed_al_karam,1 mtr,1 mtr,https://www.pbs.gov.pk/wp-content/uploads/2020/07/Annex_27.08.2026.xlsx,data/raw/pbs_history/2026-08-27_phase1.xlsx,pbs-weekly-v2,700.0,700.0,700.0,700.0,,,,,700.0,0.0,0.0
2026-08-27,Sialkot,"Long Cloth 57"" Gul Ahmed/Al Karam",long_cloth_57_gul_ahmed_al_karam,1 mtr,1 mtr,https://www.pbs.gov.pk/wp-content/uploads/2020/07/Annex_27.08.2026.xlsx,data/raw/pbs_history/2026-08-27_phase1.xlsx,pbs-weekly-v2,700.0,700.0,700.0,700.0,,,,,700.0,0.0,0.0
2026-08-27,Sialkot,LPG 11.67 kg Cylinder,lpg_11_67_kg_cylinder,Each,each,https://www.pbs.gov.pk/wp-content/uploads/2020/07/Annex_27.08.2026.xlsx,data/raw/pbs_history/2026-08-27_phase1.xlsx,pbs-weekly-v2,5252.0,5252.23,5252.7,5252.23,,,,,4788.74,0.09678746392579263,0.09678746392579263
2026-08-27,Sialkot,Match Box,match_box,Each,each,https://www.pbs.gov.pk/wp-content/uploads/2020/07/Annex_27.08.2026.xlsx,data/raw/pbs_history/2026-08-27_phase1.xlsx,pbs-weekly-v2,6.0,6.0,6.0,6.0,,,,,6.0,0.0,0.0
2026-08-27,Sialkot,Milk fresh (Un-boiled),milk_fresh_un_boiled,1 Ltr,1 ltr,https://www.pbs.gov.pk/wp-content/uploads/2020/07/Annex_27.08.2026.xlsx,data/raw/pbs_history/2026-08-27_phase1.xlsx,pbs-weekly-v2,180.0,211.95,230.0,211.95,,,,,212.79,-0.003947553926406333,-0.003947553926406333
2026-08-27,Sialkot,Mustard Oil (Average Quality),mustard_oil_average_quality,1 Kg,1 kg,https://www.pbs.gov.pk/wp-content/uploads/2020/07/Annex_27.08.2026.xlsx,data/raw/pbs_history/2026-08-27_phase1.xlsx,pbs-weekly-v2,550.0,550.0,550.0,550.0,,,,,560.0,-0.017857142857142905,-0.017857142857142905
2026-08-27,Sialkot,Mutton (Average Quality),mutton_average_quality,1 Kg,1 kg,https://www.pbs.gov.pk/wp-content/uploads/2020/07/Annex_27.08.2026.xlsx,data/raw/pbs_history/2026-08-27_phase1.xlsx,pbs-weekly-v2,2500.0,2500.0,2500.0,2500.0,,,,,2600.0,-0.038461538461538436,-0.038461538461538436
2026-08-27,Sialkot,Onions,onions,1 Kg,1 kg,https://www.pbs.gov.pk/wp-content/uploads/2020/07/Annex_27.08.2026.xlsx,data/raw/pbs_history/2026-08-27_phase1.xlsx,pbs-weekly-v2,200.0,200.0,200.0,200.0,,,,,196.61,0.017242256243324317,0.017242256243324317
2026-08-27,Sialkot,Petrol Super,petrol_super,Per Litre,per litre,https://www.pbs.gov.pk/wp-content/uploads/2020/07/Annex_27.08.2026.xlsx,data/raw/pbs_history/2026-08-27_phase1.xlsx,pbs-weekly-v2,346.2,346.2,346.2,346.2,,,,,344.62,0.004584760025535317,0.004584760025535317
2026-08-27,Sialkot,Potatoes,potatoes,1 Kg,1 kg,https://www.pbs.gov.pk/wp-content/uploads/2020/07/Annex_27.08.2026.xlsx,data/raw/pbs_history/2026-08-27_phase1.xlsx,pbs-weekly-v2,60.0,60.0,60.0,60.0,,,,,60.0,0.0,0.0
2026-08-27,Sialkot,Powdered Milk NIDO 390 gm Polybag,powdered_milk_nido_390_gm_polybag,Each,each,https://www.pbs.gov.pk/wp-content/uploads/2020/07/Annex_27.08.2026.xlsx,data/raw/pbs_history/2026-08-27_phase1.xlsx,pbs-weekly-v2,1200.0,1200.0,1200.0,1200.0,,,,,1170.0,0.02564102564102555,0.02564102564102555
2026-08-27,Sialkot,Pulse Gram,pulse_gram,1 Kg,1 kg,https://www.pbs.gov.pk/wp-content/uploads/2020/07/Annex_27.08.2026.xlsx,data/raw/pbs_history/2026-08-27_phase1.xlsx,pbs-weekly-v2,260.0,260.0,260.0,260.0,,,,,256.62,0.01317122593718345,0.01317122593718345
2026-08-27,Sialkot,Pulse Mash (Washed),pulse_mash_washed,1 Kg,1 kg,https://www.pbs.gov.pk/wp-content/uploads/2020/07/Annex_27.08.2026.xlsx,data/raw/pbs_history/2026-08-27_phase1.xlsx,pbs-weekly-v2,450.0,450.0,450.0,450.0,,,,,473.71,-0.05005171940638786,-0.05005171940638786
2026-08-27,Sialkot,Pulse Masoor (Washed),pulse_masoor_washed,1 Kg,1 kg,https://www.pbs.gov.pk/wp-content/uploads/2020/07/Annex_27.08.2026.xlsx,data/raw/pbs_history/2026-08-27_phase1.xlsx,pbs-weekly-v2,240.0,240.0,240.0,240.0,,,,,249.1,-0.03653151344841432,-0.03653151344841432
2026-08-27,Sialkot,Pulse Moong (Washed),pulse_moong_washed,1 Kg,1 kg,https://www.pbs.gov.pk/wp-content/uploads/2020/07/Annex_27.08.2026.xlsx,data/raw/pbs_history/2026-08-27_phase1.xlsx,pbs-weekly-v2,370.0,370.0,370.0,370.0,,,,,346.54,0.06769781266231889,0.06769781266231889
2026-08-27,Sialkot,Rice Basmati Broken (Average Quality),rice_basmati_broken_average_quality,1 Kg,1 kg,https://www.pbs.gov.pk/wp-content/uploads/2020/07/Annex_27.08.2026.xlsx,data/raw/pbs_history/2026-08-27_phase1.xlsx,pbs-weekly-v2,190.0,190.0,190.0,190.0,,,,,228.47,-0.1683809690550182,-0.1683809690550182
2026-08-27,Sialkot,Rice IRRI-6/9 (Sindh/Punjab),rice_irri_6_9_sindh_punjab,1 Kg,1 kg,https://www.pbs.gov.pk/wp-content/uploads/2020/07/Annex_27.08.2026.xlsx,data/raw/pbs_history/2026-08-27_phase1.xlsx,pbs-weekly-v2,0.0,0.0,0.0,0.0,,,,,160.0,-1.0,-1.0
2026-08-27,Sialkot,Salt Powdered (NATIONAL/SHAN) 800 gm Packet,salt_powdered_national_shan_800_gm_packet,Each,each,https://www.pbs.gov.pk/wp-content/uploads/2020/07/Annex_27.08.2026.xlsx,data/raw/pbs_history/2026-08-27_phase1.xlsx,pbs-weekly-v2,70.0,70.0,70.0,70.0,,,,,60.0,0.16666666666666674,0.16666666666666674
2026-08-27,Sialkot,Shirting (Average Quality),shirting_average_quality,1 mtr,1 mtr,https://www.pbs.gov.pk/wp-content/uploads/2020/07/Annex_27.08.2026.xlsx,data/raw/pbs_history/2026-08-27_phase1.xlsx,pbs-weekly-v2,550.0,550.0,550.0,550.0,,,,,691.63,-0.20477712071483312,-0.20477712071483312
2026-08-27,Sialkot,Sufi Washing Soap 250 gm Cake,sufi_washing_soap_250_gm_cake,Each,each,https://www.pbs.gov.pk/wp-content/uploads/2020/07/Annex_27.08.2026.xlsx,data/raw/pbs_history/2026-08-27_phase1.xlsx,pbs-weekly-v2,130.0,130.0,130.0,130.0,,,,,150.0,-0.1333333333333333,-0.1333333333333333
2026-08-27,Sialkot,Sugar Refined,sugar_refined,1 Kg,1 kg,https://www.pbs.gov.pk/wp-content/uploads/2020/07/Annex_27.08.2026.xlsx,data/raw/pbs_history/2026-08-27_phase1.xlsx,pbs-weekly-v2,150.0,150.0,150.0,150.0,,,,,150.0,0.0,0.0
2026-08-27,Sialkot,Tea Lipton Yellow Label 190 gm Packet,tea_lipton_yellow_label_190_gm_packet,Each,each,https://www.pbs.gov.pk/wp-content/uploads/2020/07/Annex_27.08.2026.xlsx,data/raw/pbs_history/2026-08-27_phase1.xlsx,pbs-weekly-v2,469.41,469.41,469.41,469.41,,,,,469.41,0.0,0.0
2026-08-27,Sialkot,Tea Prepared Ordinary,tea_prepared_ordinary,Per Cup,per cup,https://www.pbs.gov.pk/wp-content/uploads/2020/07/Annex_27.08.2026.xlsx,data/raw/pbs_history/2026-08-27_phase1.xlsx,pbs-weekly-v2,50.0,50.0,50.0,50.0,,,,,69.9,-0.28469241773962806,-0.28469241773962806
2026-08-27,Sialkot,Telephone Call Charges,telephone_call_charges,Per Minute,per minute,https://www.pbs.gov.pk/wp-content/uploads/2020/07/Annex_27.08.2026.xlsx,data/raw/pbs_history/2026-08-27_phase1.xlsx,pbs-weekly-v2,1.79,1.79,1.79,1.79,,,,,1.79,0.0,0.0
2026-08-27,Sialkot,Toilet Soap LIFEBUOY 115 gm,toilet_soap_lifebuoy_115_gm,Each,each,https://www.pbs.gov.pk/wp-content/uploads/2020/07/Annex_27.08.2026.xlsx,data/raw/pbs_history/2026-08-27_phase1.xlsx,pbs-weekly-v2,117.0,117.0,117.0,117.0,,,,,136.02,-0.13983237759153078,-0.13983237759153078
2026-08-27,Sialkot,Tomatoes,tomatoes,1 Kg,1 kg,https://www.pbs.gov.pk/wp-content/uploads/2020/07/Annex_27.08.2026.xlsx,data/raw/pbs_history/2026-08-27_phase1.xlsx,pbs-weekly-v2,280.0,280.0,280.0,280.0,,,,,250.0,0.1200000000000001,0.1200000000000001
2026-08-27,Sialkot,Vegetable Ghee DALDA/HABIB 2.5 kg Tin,vegetable_ghee_dalda_habib_2_5_kg_tin,Each,each,https://www.pbs.gov.pk/wp-content/uploads/2020/07/Annex_27.08.2026.xlsx,data/raw/pbs_history/2026-08-27_phase1.xlsx,pbs-weekly-v2,1580.0,1580.0,1580.0,1580.0,,,,,1580.0,0.0,0.0
2026-08-27,Sialkot,Vegetable Ghee DALDA/HABIB or Other superior Quality 1 kg Pouch,vegetable_ghee_dalda_habib_or_other_superior_quality_1_kg_pouch,Each,each,https://www.pbs.gov.pk/wp-content/uploads/2020/07/Annex_27.08.2026.xlsx,data/raw/pbs_history/2026-08-27_phase1.xlsx,pbs-weekly-v2,615.0,615.0,615.0,615.0,,,,,615.0,0.0,0.0
2026-08-27,Sialkot,Wheat Flour Bag,wheat_flour_bag,20 Kg,20 kg,https://www.pbs.gov.pk/wp-content/uploads/2020/07/Annex_27.08.2026.xlsx,data/raw/pbs_history/2026-08-27_phase1.xlsx,pbs-weekly-v2,2200.0,2583.72,2800.0,2583.72,,,,,2583.72,0.0,0.0
