week_end,items_checked,min_max_pass,gm_pass,gm_max_abs_rel_err,am_median_abs_rel_err,md_median_abs_rel_err,structural_zero_rows
2025-05-15,51,51,51,8.919783896543798e-05,0.0024613977070626625,0.012820512820512775,4
2025-07-17,51,51,51,8.919783896543798e-05,0.0030059396335075927,0.012514757969303347,4
2025-07-24,51,51,51,8.919783896543798e-05,0.0030059396335075927,0.01268128161888693,3
2025-07-31,51,51,51,8.919783896543798e-05,0.002724730155583055,0.010750712119819816,3
2025-10-16,51,51,51,8.919783896543798e-05,0.0037838469241642247,0.006465780163474433,3
2025-10-23,51,51,51,8.919783896543798e-05,0.004025485997396938,0.006440633590784284,3
2025-10-30,51,51,51,8.919783896543798e-05,0.0043989541315745395,0.006443298969072142,3
2025-11-06,51,51,51,8.919783896543798e-05,0.004461094111927633,0.007105401967172464,3
2025-11-13,51,51,51,8.919783896543798e-05,0.00474568588123514,0.006592612661428743,3
2025-11-20,51,51,51,8.919783896543798e-05,0.005151130623338052,0.006592612661428743,3
2025-11-27,51,51,51,8.919783896543798e-05,0.004464748764995363,0.006875477463712754,3
2025-12-11,51,51,51,8.919783896543798e-05,0.004133545310015974,0.008273605125486805,3
2025-12-18,51,51,51,8.919783896543798e-05,0.004841058455408609,0.012212643678160884,3
2025-12-24,51,51,51,8.919783896543798e-05,0.004601214536534837,0.012212643678160884,3
2026-02-26,51,51,51,8.919783896543798e-05,0.005075432699026772,0.01211801896733411,3
2026-03-11,51,51,51,8.919783896543798e-05,0.003482234549686325,0.009798654833788278,3
2026-03-26,51,51,51,8.919783896543798e-05,0.0035782993459023693,0.010692762393134214,3
2026-04-02,51,51,51,8.919783896543798e-05,0.0037394102858430145,0.010019392372333513,3
2026-04-09,51,51,51,0.000137595813970548,0.0037619835486557562,0.01035676843409472,3
2026-05-21,51,51,51,9.482432377549976e-05,0.004122866178436713,0.013688331216135552,3
2026-06-04,51,51,51,8.919783896543798e-05,0.004379113216625985,0.012820512820512775,3
2026-06-11,51,51,51,9.211984438428633e-05,0.004379113216625985,0.011271504844769686,3
2026-07-30,51,51,51,0.000460147201354566,0.004527792335330405,0.013472269322070463,3
2026-08-13,51,51,51,0.000460147201354566,0.004413531451856301,0.012073800210755659,3
2026-08-20,51,51,51,0.000460147201354566,0.004191033463178506,0.010761692097754683,3
2026-08-27,51,51,51,0.000460147201354566,0.004410669703473369,0.010630152596998066,3
2026-09-24,51,51,51,0.000460147201354566,0.004127794963305842,0.009730804744655153,3
