source_file,sha256,week_end,status,filename_date,filename_date_matches,duplicate_of
E:/DSFSG/data/raw/verification/pbs_annex_2025-10-30.xlsx,37c9f1d85390adc64db192ce822f7b973e29d000d4d162c397c62f591ec7e3f3,2025-10-30,kept,2025-10-30,True,
E:/DSFSG/data/raw/verification/pbs_annex_2025-12-11.xlsx,4cb04daae6eab10f20d4c898b1258db63c6167422ba4744c97d5aa365e3828d2,2025-12-11,kept,2025-12-11,True,
E:/DSFSG/data/raw/verification/pbs_annex_2025-12-24.xlsx,fe05006f4610ec72912a6e896623de0e29b809e67d4ed10cf5659a730857b8fd,2025-12-24,kept,2025-12-24,True,
E:/DSFSG/data/raw/verification/pbs_annex_2026-02-26.xlsx,b2f6d41b10e9231698b35ee6a8722ea6b9491705791f19de937831ae3081566e,2026-02-26,kept,2026-02-26,True,
E:/DSFSG/data/raw/verification/pbs_annex_2026-03-11.xlsx,36abb7818252d9e1ea745abc6088c1da3a476985061b7057449ef101b46394e9,2026-03-11,kept,2026-03-11,True,
E:/DSFSG/data/raw/verification/pbs_annex_2026-03-26.xlsx,8c7434ff5d0de0297774456bcb233c27323e5d84f5513325e7efdbf2429c278f,2026-03-26,kept,2026-03-26,True,
E:/DSFSG/data/raw/verification/pbs_annex_2026-04-02.xlsx,bdfa43249dc62f467a3f50932243e4e6c1443aa57382e73a68bee6d09d3033c2,2026-04-02,kept,2026-04-02,True,
E:/DSFSG/data/raw/verification/pbs_annex_2026-04-09.xlsx,7eb09b790629aeb649f9c552e26cd9c872b1acb4d0778c2a7092bf9bd08b691e,2026-04-09,kept,2026-04-09,True,
E:/DSFSG/data/raw/verification/pbs_annex_2026-05-21.xlsx,b7fbda404906799301e49498788fbb053af1aa528a3167cc48ce4f54f1fc8a90,2026-05-21,kept,2026-05-21,True,
E:/DSFSG/data/raw/verification/pbs_annex_2026-06-04.xlsx,087a9db2cff0ef3633beced6e1ffd0485ca9a7af2e9866a2978361d745c284ba,2026-06-04,kept,2026-06-04,True,
E:/DSFSG/data/raw/verification/pbs_annex_2026-06-11.xlsx,562d19a057eed301299634e6ead25df9f31cd6749e0dd846393361436cf3184a,2026-06-11,kept,2026-06-11,True,
E:/DSFSG/data/raw/verification/pbs_annex_2026-07-30.xlsx,868e9ce0cc97b1f22968db5ba3ba2d0fca72f1467f097ce1682edfdbb3937c5f,2026-07-30,kept,2026-07-30,True,
E:/DSFSG/data/raw/verification/pbs_annex_2026-08-13.xlsx,e1fe5edf735f268cc617aa6e80ad1820d3940c05b907da6f1adc87ac30571dd4,2026-08-13,kept,2026-08-13,True,
E:/DSFSG/data/raw/verification/pbs_annex_2026-08-20.xlsx,7a8f911c06632f97790aeb96545b862fa5e6543ee2ae4aa5224e18304f0afce8,2026-08-20,kept,2026-08-20,True,
E:/DSFSG/data/raw/verification/pbs_annex_2026-08-27.xlsx,340676d1c565446bf01a3f99a4e64382cf754cf4c0cd8fcfb5da40187eda5780,2026-08-27,kept,2026-08-27,True,
E:/DSFSG/data/raw/verification/final_scope/Annex_06.11.2025.xlsx,a29632094c417c6aa0eaffb72ec93239ad21c2f1980f5f5516fd5de275388220,2025-11-06,kept,2025-11-06,True,
E:/DSFSG/data/raw/verification/final_scope/Annex_11.12.2025.xlsx,4cb04daae6eab10f20d4c898b1258db63c6167422ba4744c97d5aa365e3828d2,,duplicate_hash,,,E:/DSFSG/data/raw/verification/pbs_annex_2025-12-11.xlsx
E:/DSFSG/data/raw/verification/final_scope/Annex_13.11.2025.xlsx,ed80768f008d6f8ec69fe6d79c69096a33321b086abdb4c767802969791a7c25,2025-11-13,kept,2025-11-13,True,
E:/DSFSG/data/raw/verification/final_scope/Annex_15.05.2025.xlsx,6bfe4f080f332ee3b065eda7b3aeee753c96027b7460f153832836d2e35b7ec6,2025-05-15,kept,2025-05-15,True,
E:/DSFSG/data/raw/verification/final_scope/Annex_16.10.2025.xlsx,e00aa4f344b7cbc16c95e25eb7ccb37965316b3a3628556c0ac3535335d022b8,2025-10-16,kept,2025-10-16,True,
E:/DSFSG/data/raw/verification/final_scope/Annex_17.07.2025.xlsx,ebe339fa5ebb312f514825c0412d18397c68469f5101197c58d252e572d4ef8d,2025-07-17,kept,2025-07-17,True,
E:/DSFSG/data/raw/verification/final_scope/Annex_18.12.2025.xlsx,73291a00ab98e4d0d7aae9f20d8f164b86d8ea8f13f171e92a8804f1cf5ea0b9,2025-12-18,kept,2025-12-18,True,
E:/DSFSG/data/raw/verification/final_scope/Annex_20.11.2025.xlsx,6c2a54b032a157cd864d5c41fb106462e46ec5ae17f4282bf7f53cf65c76839f,2025-11-20,kept,2025-11-20,True,
E:/DSFSG/data/raw/verification/final_scope/Annex_23.10.2025.xlsx,2edce1981ecf41ff3c31a66d3ab278f01c778569da2e0752cba82e60c9bacd3b,2025-10-23,kept,2025-10-23,True,
E:/DSFSG/data/raw/verification/final_scope/Annex_24.07.2025.xlsx,41aabd18a61a21a01d32608ccf421055c2c3a055ddc76a59ef8137271e15dd2a,2025-07-24,kept,2025-07-24,True,
E:/DSFSG/data/raw/verification/final_scope/Annex_27.11.2025.xlsx,18e127618cc1683b8f34caa5becf05fa5c53703f725c043397adeae630bbee58,2025-11-27,kept,2025-11-27,True,
E:/DSFSG/data/raw/verification/final_scope/Annex_30.10.2025.xlsx,37c9f1d85390adc64db192ce822f7b973e29d000d4d162c397c62f591ec7e3f3,,duplicate_hash,,,E:/DSFSG/data/raw/verification/pbs_annex_2025-10-30.xlsx
E:/DSFSG/data/raw/verification/final_scope/Annex_31.07.2025.xlsx,24a42d8c84fa4725b2b4ac267f0cc5bda0be430e214d261a7a5a1b012ee60b45,2025-07-31,kept,2025-07-31,True,
E:/DSFSG/data/raw/pbs_backfill/pbs_annex_2025-10-30.xlsx,37c9f1d85390adc64db192ce822f7b973e29d000d4d162c397c62f591ec7e3f3,,duplicate_hash,,,E:/DSFSG/data/raw/verification/pbs_annex_2025-10-30.xlsx
E:/DSFSG/data/raw/pbs_backfill/pbs_annex_2025-12-11.xlsx,4cb04daae6eab10f20d4c898b1258db63c6167422ba4744c97d5aa365e3828d2,,duplicate_hash,,,E:/DSFSG/data/raw/verification/pbs_annex_2025-12-11.xlsx
E:/DSFSG/data/raw/pbs_backfill/pbs_annex_2025-12-24.xlsx,fe05006f4610ec72912a6e896623de0e29b809e67d4ed10cf5659a730857b8fd,,duplicate_hash,,,E:/DSFSG/data/raw/verification/pbs_annex_2025-12-24.xlsx
E:/DSFSG/data/raw/pbs_backfill/pbs_annex_2026-02-26.xlsx,b2f6d41b10e9231698b35ee6a8722ea6b9491705791f19de937831ae3081566e,,duplicate_hash,,,E:/DSFSG/data/raw/verification/pbs_annex_2026-02-26.xlsx
E:/DSFSG/data/raw/pbs_backfill/pbs_annex_2026-03-11.xlsx,36abb7818252d9e1ea745abc6088c1da3a476985061b7057449ef101b46394e9,,duplicate_hash,,,E:/DSFSG/data/raw/verification/pbs_annex_2026-03-11.xlsx
E:/DSFSG/data/raw/pbs_backfill/pbs_annex_2026-03-26.xlsx,8c7434ff5d0de0297774456bcb233c27323e5d84f5513325e7efdbf2429c278f,,duplicate_hash,,,E:/DSFSG/data/raw/verification/pbs_annex_2026-03-26.xlsx
E:/DSFSG/data/raw/pbs_backfill/pbs_annex_2026-04-02.xlsx,bdfa43249dc62f467a3f50932243e4e6c1443aa57382e73a68bee6d09d3033c2,,duplicate_hash,,,E:/DSFSG/data/raw/verification/pbs_annex_2026-04-02.xlsx
E:/DSFSG/data/raw/pbs_backfill/pbs_annex_2026-04-09.xlsx,7eb09b790629aeb649f9c552e26cd9c872b1acb4d0778c2a7092bf9bd08b691e,,duplicate_hash,,,E:/DSFSG/data/raw/verification/pbs_annex_2026-04-09.xlsx
E:/DSFSG/data/raw/pbs_backfill/pbs_annex_2026-05-21.xlsx,b7fbda404906799301e49498788fbb053af1aa528a3167cc48ce4f54f1fc8a90,,duplicate_hash,,,E:/DSFSG/data/raw/verification/pbs_annex_2026-05-21.xlsx
E:/DSFSG/data/raw/pbs_backfill/pbs_annex_2026-06-11.xlsx,562d19a057eed301299634e6ead25df9f31cd6749e0dd846393361436cf3184a,,duplicate_hash,,,E:/DSFSG/data/raw/verification/pbs_annex_2026-06-11.xlsx
E:/DSFSG/data/raw/pbs_backfill/pbs_annex_2026-09-24.xlsx,e6ee31efc4ea7569d069fc6b90692711005d4228558e35a77fa88b242eb7c127,2026-09-24,kept,2026-09-24,True,
