city,city_code,province,pop_total,pop_urban,fies_mod_sev_pct,fies_severe_pct,literacy10_total_pct,literacy10_urban_pct,out_of_school_total_pct,out_of_school_urban_pct,tap_water_total_pct,tap_water_urban_pct,pslm_rule,illiteracy10_pct,out_of_school_pct,no_tap_water_pct,illiteracy10_urban_pct,no_tap_water_urban_pct,fies_mod_sev_pct_mm,illiteracy10_pct_mm,out_of_school_pct_mm,no_tap_water_pct_mm,deprivation_composite,deprivation_composite_nowater,log_pop_urban,log_pop_total
Islamabad,01,ICT,2363863.0,1108872.0,7.93,2.03,85.0,86.0,10.0,11.0,25.69,24.37,single district,15.0,10.0,74.31,14.0,75.63,0.0,0.0,0.0,0.6239754098360656,0.1559938524590164,0.0,13.91885384037452,14.675807703206134
Rawalpindi,02,Punjab,6118911.0,4210785.0,9.41,1.88,82.0,85.0,10.0,11.0,22.84,32.41,single district,18.0,10.0,77.16,15.0,67.59,0.06938584153774029,0.047619047619047616,0.0,0.6656908665105385,0.1956739389168316,0.0390016297189293,15.253159649084509,15.62689469747863
Gujranwala,03,Punjab,5959750.0,3593971.0,10.53,2.11,74.0,79.0,15.0,13.0,4.94,6.54,single district,26.0,15.0,95.06,21.0,93.46,0.12189404594467883,0.1746031746031746,0.1,0.9276932084309134,0.33104760724469173,0.1321657401826178,15.094768277289191,15.600539091853037
Sialkot,04,Punjab,4499394.0,1481968.0,9.65,1.43,79.0,81.0,11.0,9.0,6.22,16.65,single district,21.0,11.0,93.78,19.0,83.35,0.08063759962494142,0.09523809523809523,0.02,0.9089578454332553,0.27620838507407297,0.06529189828767888,14.208881492162403,15.319453279005511
Lahore,05,Punjab,13004135.0,13004135.0,17.96,2.61,77.0,77.0,16.0,16.0,23.29,23.29,single district,23.0,16.0,76.71000000000001,23.0,76.71000000000001,0.4702297233942804,0.12698412698412698,0.12,0.6591042154566745,0.34407951645877044,0.23907128345946912,16.380777941773147,16.380777941773147
Faisalabad,06,Punjab,9075819.0,4392979.0,8.67,1.31,67.0,74.0,21.0,18.0,9.89,12.81,single district,33.0,21.0,90.11,26.0,87.19,0.03469292076887014,0.2857142857142857,0.22,0.8552400468384075,0.34891181333039084,0.1801357354943853,15.295518142614144,16.021124181976973
Sargodha,07,Punjab,4334448.0,1609587.0,16.38,2.41,67.0,79.0,18.0,13.0,7.56,11.06,single district,33.0,18.0,92.44,21.0,88.94,0.3961556493202062,0.2857142857142857,0.16,0.8893442622950819,0.43280354933239346,0.28062331167816396,14.291488182314186,15.28210482444877
Multan,08,Punjab,5362305.0,2499871.0,16.88,1.63,61.0,75.0,30.0,19.0,10.91,18.29,single district,39.0,30.0,89.09,25.0,81.71000000000001,0.4195968120018752,0.38095238095238093,0.4,0.8403103044496487,0.5102148743509762,0.4001830643180854,14.731749688507103,15.494904477920873
Bahawalpur,09,Punjab,4284964.0,1619321.0,21.25,5.0,49.0,69.0,32.0,18.0,13.13,15.17,single district,51.0,32.0,86.87,31.0,84.83,0.6244725738396624,0.5714285714285714,0.44,0.8078161592505855,0.6109293261297049,0.5453003817560779,14.297517483544135,15.270622708578491
Karachi,10,Sindh,20382881.0,18868021.0,9.60446146646296,0.6499099469795265,76.15481707419083,76.74573329452299,25.738689442380593,25.267101201248245,67.06423642516482,67.29780192015055,population-weighted mean of 6 PSLM districts (Census 2023 weights; Keamari added to Karachi West),23.84518292580917,25.738689442380593,32.93576357483518,23.254266705477008,32.70219807984945,0.0785026472790886,0.14039972898109793,0.31477378884761187,0.018380614385760708,0.13801419487338976,0.17789205503593278,16.75297903638122,16.830205939850327
Hyderabad,11,Sindh,2432540.0,2022379.0,16.59,1.38,66.0,69.0,34.0,31.0,68.32,78.12,single district,34.0,34.0,31.680000000000007,31.0,21.879999999999995,0.40600093764650724,0.30158730158730157,0.48,0.0,0.2968970598084522,0.3958627464112696,14.519785099178232,14.704446536894764
Sukkur,12,Sindh,1639897.0,814999.0,15.53,0.77,54.0,69.0,48.0,29.0,18.26,38.69,single district,46.0,48.0,81.74,31.0,61.31,0.35630567276136893,0.49206349206349204,0.76,0.7327283372365339,0.5852743755153487,0.5361230549416204,13.610942165228382,14.310143992950023
Larkana,13,Sindh,1784453.0,798151.0,17.28,0.23,56.0,60.0,56.0,49.0,0.0,0.0,single district,44.0,56.0,100.0,40.0,100.0,0.4383497421472105,0.4603174603174603,0.92,1.0,0.7046668006161677,0.606222400821557,13.590053081589165,14.394622483655725
Peshawar,14,KP,4758762.0,1905975.0,11.22,0.46,60.0,69.0,25.0,19.0,44.49,73.28,single district,40.0,25.0,55.51,31.0,26.72,0.15424285044538213,0.3968253968253968,0.3,0.34879976580796246,0.29996700326968534,0.2836894157569263,14.46050424663597,15.375498108346271
Bannu,15,KP,1357890.0,48398.0,18.73,1.55,53.0,75.0,39.0,16.0,24.81,50.4,single district,47.0,39.0,75.19,25.0,49.6,0.5063291139240507,0.5079365079365079,0.58,0.6368559718969554,0.5577803984393785,0.5314218739535196,10.787213769536883,14.121442582347228
Quetta,16,Balochistan,2595492.0,1565546.0,23.47,5.01,64.0,72.0,35.0,32.0,40.28,42.41,single district,36.0,35.0,59.72,28.0,57.59,0.7285513361462728,0.3333333333333333,0.5,0.4104215456674472,0.4930765537867633,0.5206282231598687,14.263745202900427,14.769286651986917
Khuzdar,17,Balochistan,997214.0,364378.0,29.26,4.65,22.0,,60.0,,7.02,,single district,78.0,60.0,92.98,,,1.0,1.0,1.0,0.897248243559719,0.9743120608899297,1.0,12.805947069329159,13.812720669843058
