city,median,boot_lo,boot_hi,excludes_zero
Bahawalpur,-0.024814508080342298,-0.07372313920449888,0.0003936226363125954,False
Bannu,-0.046728477027032075,-0.09780658460223313,-0.012697324390532054,True
Faisalabad,-0.0014187424277536205,-0.011071395519757922,0.0023538231939964293,False
Gujranwala,-0.007219514285274309,-0.062235402560215154,0.003056309943557667,False
Hyderabad,-0.0010391799264854841,-0.01793017093319692,0.006460339859434444,False
Islamabad,0.11901923792098357,0.04326334835596947,0.1463936990376401,True
Karachi,0.025962824729739112,0.01605706364776172,0.07445626981398273,True
Khuzdar,0.022908653232967122,-0.006082866842291085,0.05293103069923074,False
Lahore,0.0003896401819346219,-0.024486483806465995,0.0060604126854089104,False
Larkana,-0.0016427805546093762,-0.06459487743382447,0.012677103214385236,False
Multan,0.0068845523197728865,-0.015886921752278918,0.017992237732137383,False
Peshawar,0.004084268575400297,-0.01563093465145385,0.03328799580508865,False
Quetta,0.031066379805113533,-0.0009511469668877491,0.07729354382920366,False
Rawalpindi,0.06568740595134634,0.017926571030559026,0.11736254083019425,True
Sargodha,-0.02665875742480526,-0.05753273881153507,-0.00010595124364347011,True
Sialkot,-0.002035452800327608,-0.07478914449751972,0.003929469731885889,False
Sukkur,-0.041364198739092306,-0.08318049471619363,-0.014643126445834652,True
