month,cpi_urban_food,cpi_source,cpi_ref
2024-07-01,276.1,CpI-Urban-Groupwise-Cumulative-Indices.pdf,"pdf page 28, row 'Food and non-alcoholic Beverages'"
2024-08-01,280.27,CpI-Urban-Groupwise-Cumulative-Indices.pdf,"pdf page 28, row 'Food and non-alcoholic Beverages'"
2024-09-01,276.17,CpI-Urban-Groupwise-Cumulative-Indices.pdf,"pdf page 28, row 'Food and non-alcoholic Beverages'"
2024-10-01,281.39,CpI-Urban-Groupwise-Cumulative-Indices.pdf,"pdf page 28, row 'Food and non-alcoholic Beverages'"
2024-11-01,279.93,CpI-Urban-Groupwise-Cumulative-Indices.pdf,"pdf page 28, row 'Food and non-alcoholic Beverages'"
2024-12-01,279.9,CpI-Urban-Groupwise-Cumulative-Indices.pdf,"pdf page 28, row 'Food and non-alcoholic Beverages'"
2025-01-01,278.37,CpI-Urban-Groupwise-Cumulative-Indices.pdf,"pdf page 28, row 'Food and non-alcoholic Beverages'"
2025-02-01,271.84,CpI-Urban-Groupwise-Cumulative-Indices.pdf,"pdf page 28, row 'Food and non-alcoholic Beverages'"
2025-03-01,277.04,CpI-Urban-Groupwise-Cumulative-Indices.pdf,"pdf page 28, row 'Food and non-alcoholic Beverages'"
2025-04-01,271.43,CpI-Urban-Groupwise-Cumulative-Indices.pdf,"pdf page 28, row 'Food and non-alcoholic Beverages'"
2025-05-01,273.34,CpI-Urban-Groupwise-Cumulative-Indices.pdf,"pdf page 28, row 'Food and non-alcoholic Beverages'"
2025-06-01,271.3,CpI-Urban-Groupwise-Cumulative-Indices.pdf,"pdf page 28, row 'Food and non-alcoholic Beverages'"
2025-07-01,279.27,CpI-Urban-Groupwise-Cumulative-Indices.pdf,"pdf page 31, row 'Food and non-alcoholic Beverages'"
2025-08-01,274.74,CpI-Urban-Groupwise-Cumulative-Indices.pdf,"pdf page 31, row 'Food and non-alcoholic Beverages'"
2025-09-01,287.74,CpI-Urban-Groupwise-Cumulative-Indices.pdf,"pdf page 31, row 'Food and non-alcoholic Beverages'"
2025-10-01,293.61,CpI-Urban-Groupwise-Cumulative-Indices.pdf,"pdf page 31, row 'Food and non-alcoholic Beverages'"
2025-11-01,294.42,CpI-Urban-Groupwise-Cumulative-Indices.pdf,"pdf page 31, row 'Food and non-alcoholic Beverages'"
2025-12-01,288.12,CpI-Urban-Groupwise-Cumulative-Indices.pdf,"pdf page 31, row 'Food and non-alcoholic Beverages'"
2026-01-01,287.32,CpI-Urban-Groupwise-Cumulative-Indices.pdf,"pdf page 31, row 'Food and non-alcoholic Beverages'"
2026-02-01,284.29,CpI-Urban-Groupwise-Cumulative-Indices.pdf,"pdf page 31, row 'Food and non-alcoholic Beverages'"
2026-03-01,284.32,CpI-Urban-Groupwise-Cumulative-Indices.pdf,"pdf page 31, row 'Food and non-alcoholic Beverages'"
2026-04-01,291.71,CpI-Urban-Groupwise-Cumulative-Indices.pdf,"pdf page 31, row 'Food and non-alcoholic Beverages'"
2026-05-01,291.88,CpI-Urban-Groupwise-Cumulative-Indices.pdf,"pdf page 31, row 'Food and non-alcoholic Beverages'"
2026-06-01,294.92,CpI-Urban-Groupwise-Cumulative-Indices.pdf,"pdf page 31, row 'Food and non-alcoholic Beverages'"
2026-07-01,307.98,Monthly-Review-August-2026.docx,"Table 2 CPI (Urban) by Group, row 'Food & Non-alcoholic Bev.'"
2026-08-01,311.32,Monthly-Review-August-2026.docx,"Table 2 CPI (Urban) by Group, row 'Food & Non-alcoholic Bev.'"
2026-09-01,311.67,Monthly-Review-September2026.docx,"Table 2 CPI (Urban) by Group, row 'Food & Non-alcoholic Bev.'"
