feature,mean_abnormal,mean_normal,n_abnormal,n_normal,score
is_perishable,0.624390243902439,0.3885341074020319,205,6890,6.854057304047159
price_changed,0.5873015873015873,0.28540305010893247,126,4131,6.770302680234514
abs_dlog,0.07463410210132998,0.023420138055400178,126,4131,4.253854274063478
log_pop_urban,14.056181872108715,14.372140455050117,205,6890,3.0695099772500316
deprivation_composite,0.4671471994083804,0.42633125426675234,205,6890,2.8838183016971333
abs_dlog_lag1,0.08230659644326675,0.026190088446543778,61,1831,2.67991624578922
abs_rel_price,0.10521129761077262,0.08605883982136978,205,6890,2.4341109040523423
rel_price,-0.006452436942151723,0.00019198107012208975,205,6890,0.6141614793099649
single_quote,0.47317073170731705,0.47010159651669087,205,6890,0.08652760701721152
within_city_range_pct,6.814690788080186,6.8319788101094145,205,6890,0.02148264291862549
