item_id,item_short,is_food,item_category,mean_cv,mean_range,mean_iqr,mean_sd,mean_price,volatility,share_unchanged,share_single_quote,kmeans_cluster,market_type
1,Wheat flour 20kg,1,storable_staple,0.10797491952855963,735.3922222222222,386.26814814814816,242.10407102354796,2213.6460784313726,0.02176729027769538,0.49411764705882355,0.3006535947712418,2,intermediate
2,Rice basmati broken,1,storable_staple,0.1916211788140698,143.68074074074073,56.32296296296296,41.87235549129905,218.45357298474943,0.007386724178110214,0.9490196078431372,0.23965141612200436,0,sticky
3,Rice IRRI-6/9,1,storable_staple,0.14074419891895282,73.62333333333335,31.131296296296295,22.07199761066616,156.87404761904762,0.012480552710274368,0.9428571428571428,0.17724867724867724,0,sticky
4,Bread plain,1,prepared_food,0.07163586198133648,28.88888888888889,4.465925925925927,8.144569202379378,113.2878431372549,0.007848953456077744,0.9882352941176471,0.9193899782135077,0,sticky
5,Beef with bone,1,perishable,0.11012121804147344,472.70222222222225,113.03148148148148,131.18283680268502,1195.0882352941176,0.014726640697514053,0.9058823529411765,0.33986928104575165,0,sticky
6,Mutton,1,perishable,0.114755100829926,895.1814814814815,250.30000000000007,254.0125611279155,2211.3120261437907,0.012310880047587161,0.9058823529411765,0.3442265795206972,0,sticky
7,Chicken broiler (live),1,perishable,0.07439794919437889,108.81111111111112,29.927777777777777,27.821297608418703,379.0661220043573,0.0793393837334328,0.07450980392156863,0.5490196078431373,2,intermediate
8,Milk fresh,1,perishable,0.1115305023831452,77.65814814814813,28.39444444444443,23.219324219723717,208.17984749455337,0.006696751040647777,0.9450980392156862,0.4422657952069717,0,sticky
9,Curd (dahi) loose,1,perishable,0.16388456408543906,156.9914814814815,36.02592592592593,40.22231496348487,245.6196296296296,0.007935356821788538,0.9450980392156862,0.45751633986928103,0,sticky
10,Powdered milk NIDO 390g,1,branded_packaged,0.02565941145379882,98.18481481481484,36.41999999999999,28.892291023829852,1128.55045751634,0.00840744701125927,0.8980392156862745,0.7058823529411765,0,sticky
11,Eggs (farm),1,perishable,0.04244553145625993,41.45074074074074,14.00814814814815,11.522484375054754,289.1929847494553,0.048317437550643445,0.23921568627450981,0.45751633986928103,2,intermediate
12,Mustard oil (avg quality),1,storable_staple,0.12209370953535385,227.44962962962964,97.68296296296296,67.08248321770155,550.0661002178649,0.007491816094704162,0.8941176470588236,0.4226579520697168,0,sticky
13,Cooking oil 5L tin (brand),1,branded_packaged,0.01525936580491284,167.12333333333333,38.62074074074073,45.48114703947932,2981.0177995642703,0.008029856510661152,0.8745098039215686,0.934640522875817,0,sticky
14,Vegetable ghee 2.5kg tin (brand),1,branded_packaged,0.017299793734148822,101.65481481481483,18.89185185185185,26.24661046147957,1514.5225272331154,0.008692806876782104,0.8941176470588236,0.9455337690631809,0,sticky
15,Vegetable ghee 1kg pouch (brand),1,branded_packaged,0.010941643620846129,24.333333333333332,2.851111111111116,6.439667656015722,589.7633769063181,0.003984312174016311,0.8666666666666667,0.934640522875817,0,sticky
16,Bananas,1,perishable,0.269379979398589,163.03962962962962,50.00296296296297,46.14350505437338,170.2331808278867,0.05583450568806892,0.5803921568627451,0.27450980392156865,2,intermediate
17,Pulse masoor,1,storable_staple,0.08959253488081514,80.82481481481481,34.058888888888895,24.798427244919953,277.1834858387799,0.015829013469071136,0.788235294117647,0.3028322440087146,0,sticky
18,Pulse moong,1,storable_staple,0.09090333414356333,137.84851851851852,40.04481481481481,34.54599668707158,382.7974509803921,0.03177800253788019,0.7686274509803922,0.2984749455337691,0,sticky
19,Pulse mash,1,storable_staple,0.07857702383953684,119.23,52.894814814814815,35.661069113123474,455.3410021786492,0.016394421224840843,0.792156862745098,0.3115468409586057,0,sticky
20,Pulse gram,1,storable_staple,0.10332308214762011,96.49629629629628,37.723703703703706,28.38539188266057,274.55021786492375,0.025704696131422185,0.6784313725490196,0.3333333333333333,0,sticky
21,Potatoes,1,perishable,0.23744060674063475,48.08592592592592,18.06814814814815,13.878101068402588,62.326427015250545,0.08065719637854182,0.5372549019607843,0.2636165577342048,2,intermediate
22,Onions,1,perishable,0.18373331061160844,69.20370370370371,22.505925925925926,19.20312130748166,108.54542483660131,0.16793632854558008,0.25882352941176473,0.3006535947712418,1,flexible
23,Tomatoes,1,perishable,0.24508457079770476,106.63703703703703,41.94592592592593,30.979842894458763,138.43394335511982,0.31721256022489724,0.12549019607843137,0.32679738562091504,1,flexible
24,Sugar refined,1,storable_staple,0.035803293716983736,21.935555555555556,6.247037037037038,6.034130495181012,165.73045751633987,0.03231402034638037,0.39215686274509803,0.42919389978213507,2,intermediate
25,Gur,1,storable_staple,0.11422923033628152,86.30925925925928,39.48814814814815,26.696718851021906,235.10971677559914,0.024126984642384913,0.8431372549019608,0.289760348583878,0,sticky
26,Salt powdered 800g (brand),1,branded_packaged,0.06827798355299691,12.222222222222221,6.001481481481483,4.574774288236576,67.12925925925926,0.03253456551242686,0.9647058823529412,0.8235294117647058,0,sticky
27,Chilli powder 200g (brand),1,branded_packaged,0.04092528849170782,39.25925925925926,2.962962962962963,14.717712290961318,346.75381263616555,0.031772548075957065,0.9647058823529412,1.0,0,sticky
28,Garlic,1,perishable,0.16916834226571179,263.15000000000003,85.53888888888889,70.58864448613895,421.91174291938995,0.06737870183566133,0.6039215686274509,0.23311546840958605,2,intermediate
29,Tea Lipton 190g,1,branded_packaged,0.003977281360154178,4.557407407407412,1.094074074074079,1.8396179796999088,450.1406100217865,0.0031042911095798187,0.9921568627450981,0.9041394335511983,0,sticky
30,Cooked beef (hotel plate),1,prepared_food,0.16808064357042893,250.0,50.729629629629635,53.92445475705919,321.0566884531591,0.01203745654636976,0.984313725490196,0.355119825708061,0,sticky
31,Cooked daal (hotel plate),1,prepared_food,0.1802839844136892,118.06666666666668,38.0425925925926,31.04388660547284,172.41540305010892,0.009654469258381882,0.9882352941176471,0.32679738562091504,0,sticky
32,Tea prepared (cup),1,prepared_food,0.15764030595961992,31.548148148148147,17.08259259259259,10.103744999640359,64.08546840958606,0.014201030100249399,0.9764705882352941,0.5555555555555556,0,sticky
