,n_missing,pct
price_min,83,0.3545644837455679
price_avg,83,0.3545644837455679
price_max,83,0.3545644837455679
log_price,83,0.3545644837455679
rel_price,83,0.3545644837455679
above_median,83,0.3545644837455679
above_median_prev,10450,44.640950061941986
within_city_range_pct,83,0.3545644837455679
single_quote,83,0.3545644837455679
price_z_item_week,2903,12.401213208594985
days_since_prev,867,3.7037037037037037
dlog_price,10450,44.640950061941986
price_changed,10450,44.640950061941986
dlog_price_lag1,15634,66.78627878166517
real_price_avg,83,0.3545644837455679
