city,nearest,distance,mutual
Islamabad,Rawalpindi,2.1076193153951617,True
Rawalpindi,Islamabad,2.1076193153951617,True
Gujranwala,Sialkot,4.530600781077165,False
Sialkot,Faisalabad,4.3417403473749925,False
Lahore,Faisalabad,3.9144150655175367,True
Faisalabad,Lahore,3.9144150655175367,True
Sargodha,Faisalabad,4.907631940433548,False
Multan,Faisalabad,5.107734353237891,False
Bahawalpur,Sialkot,5.007456401589653,False
Karachi,Hyderabad,5.111929954036242,False
Hyderabad,Faisalabad,5.086913222000395,False
Sukkur,Hyderabad,6.060483645618848,False
Larkana,Hyderabad,6.794869731141281,False
Peshawar,Karachi,6.034463218520854,False
Bannu,Sargodha,8.665740976045166,False
Quetta,Karachi,6.068103426978678,False
Khuzdar,Quetta,7.258663558801219,False
