city,pc1,pc2
Islamabad,6.732450432163795,-0.5322502860855286
Rawalpindi,5.291634114424061,-0.9845626744736995
Gujranwala,-1.2215713567377162,-3.5041517477603006
Sialkot,-1.4452802873501827,-2.9603991359731223
Lahore,0.296337653450916,-3.477507364580975
Faisalabad,-0.5992054137764997,-1.3692708598383103
Sargodha,-2.328987924388463,-1.5367263001790405
Multan,1.174594409282685,-1.537068375390332
Bahawalpur,-3.2787684161105126,-2.0310822936700212
Karachi,2.4175025410742492,1.5347862479751049
Hyderabad,-0.5319881708042706,0.26455803193597033
Sukkur,-3.769162575780532,1.0235276621336704
Larkana,-1.598934078715352,2.9157303817860094
Peshawar,1.4926927528337413,0.7298098537250661
Bannu,-6.309285545934441,2.956432154699833
Quetta,2.483697166850237,3.3843945778306117
Khuzdar,1.1942746995182858,5.123780127865062
