city,stay_rate,n_pairs,stay_rate_changed,n_pairs_changed
Bahawalpur,0.832,125,0.5185185185185185,27
Bannu,0.875,96,0.7631578947368421,38
Faisalabad,0.9290780141843972,141,0.5625,16
Gujranwala,0.8910891089108911,101,0.8048780487804879,41
Hyderabad,0.9329896907216495,194,0.7954545454545454,44
Islamabad,0.9592875318066157,393,0.9166666666666666,108
Karachi,0.9646302250803859,311,0.9384615384615385,130
Khuzdar,0.9656652360515021,233,0.95,40
Lahore,0.8695652173913043,138,0.8222222222222222,45
Larkana,0.9065934065934066,182,0.65,40
Multan,0.8888888888888888,207,0.53125,32
Peshawar,0.9473684210526315,209,0.9519230769230769,104
Quetta,0.9573643410852714,258,0.935064935064935,77
Rawalpindi,0.9532967032967034,364,0.8854166666666666,96
Sargodha,0.8990825688073395,109,0.7272727272727273,22
Sialkot,0.8956521739130435,115,0.8,30
Sukkur,0.8172043010752689,93,0.5769230769230769,26
