city,province,n_items,mean,median,sd,se,ci_lo,ci_hi,t,p,skew,pct_mean,pct_median,bonferroni_sig,sig_05
Islamabad,ICT,32,0.13226861858938424,0.11901923792098357,0.13049412560480506,0.023068320280041684,0.08522046919246026,0.17931676798630822,5.733777621590455,2.622192170885077e-06,1.021525883705665,14.141488334685315,12.639158751227386,True,True
Rawalpindi,Punjab,32,0.09719304997562309,0.06568740595134634,0.10780591381144528,0.019057573177021357,0.0583248732254045,0.13606122672584167,5.0999699212916285,1.6126044480161194e-05,1.236101141771515,10.207310827282722,6.789284803706441,True,True
Karachi,Sindh,32,0.05084306263685237,0.025962824729739112,0.09465688650921991,0.016733131584168705,0.016715615770619856,0.08497050950308488,3.038466672009872,0.004796240670343255,0.9065443065831427,5.215775746148132,2.63027946804959,False,True
Quetta,Balochistan,32,0.028328675413097804,0.031066379805113533,0.11711011663007324,0.020702339403668064,-0.01389402417254542,0.07055137499874103,1.3683803970520594,0.1810294402437198,-0.5032515087479738,2.8733748351437827,3.155397596580456,False,False
Khuzdar,Balochistan,32,0.01905357568113223,0.022908653232967122,0.11230823841140658,0.01985347924095527,-0.021437862188548006,0.059545013550812466,0.9597096534005517,0.3446273638993216,0.07600306116255091,1.9236253431162087,2.3173071726073635,False,False
Peshawar,KP,32,0.016364550262003258,0.004084268575400297,0.10060123931276078,0.01778395462845596,-0.019906064332836315,0.05263516485684283,0.9201862355079604,0.3645809951814302,-0.38597376070114925,1.6499182912967036,0.40926205670195337,False,False
Multan,Punjab,32,0.011862944103199841,0.0068845523197728865,0.08217219434525921,0.014526128961627915,-0.017763291238128594,0.041489179444528276,0.8166624525045096,0.42035317558296637,0.7752145829284232,1.1933587896010733,0.6908305328417796,False,False
Lahore,Punjab,31,-0.006820377075870882,0.0003896401819346219,0.06784296381259734,0.012184956005953106,-0.03170537710807125,0.01806462295632949,-0.5597375216241,0.5798141591247375,-0.015124216801311801,-0.679717109196798,0.03897161015304906,False,False
Gujranwala,Punjab,31,-0.013204531755398673,-0.007219514285274309,0.10122655913507039,0.018180826726585508,-0.05033473341188965,0.0239256699010923,-0.7262888511054294,0.473290678797028,1.577193135170756,-1.3117734385518554,-0.7193516194169081,False,False
Faisalabad,Punjab,32,-0.014570016396062743,-0.0014187424277536205,0.05277062934001828,0.009328617463452177,-0.03359585714906181,0.004455824356936328,-1.5618623502513007,0.12847253926966357,-0.9233152691419148,-1.4464387335157758,-0.14177364884946364,False,False
Hyderabad,Sindh,32,-0.019453511041567163,-0.0010391799264854841,0.10720330623371614,0.01895104620086969,-0.05810442459152047,0.01919740250838615,-1.0265138312350488,0.3125930719144978,-0.3026028427060791,-1.926551254628961,-0.10386401660112954,False,False
Sialkot,Punjab,31,-0.02721757275480693,-0.002035452800327608,0.09435435865888867,0.016946543084472344,-0.061827030925747026,0.00739188541613316,-1.606084062049543,0.11873175959159542,-0.29076716925267015,-2.68505123256344,-0.20333826710647873,False,False
Sargodha,Punjab,32,-0.03686959339584366,-0.02665875742480526,0.08519698669491593,0.015060841757158779,-0.06758638267361751,-0.006152804118069819,-2.448043342485732,0.020222656803190697,-0.3541997376222281,-3.6198186724191506,-2.6306549500311305,False,True
Bahawalpur,Punjab,32,-0.03854164106314911,-0.024814508080342298,0.08242263843373307,0.014570401639944903,-0.06825817112721302,-0.0088251109990852,-2.645201005131308,0.012703145587072716,-0.06368776874576529,-3.7808362777130844,-2.4509159083919374,False,True
Larkana,Sindh,32,-0.05048130886410894,-0.0016427805546093762,0.13876540272649662,0.024530489315496996,-0.1005115716697485,-0.00045104605846938567,-2.0579006074786146,0.048091785841639624,-0.6903018290033479,-4.922830049071525,-0.16414319292337165,False,True
Sukkur,Sindh,32,-0.07380589209087798,-0.041364198739092306,0.11793260158406398,0.020847735575765754,-0.11632512912456902,-0.03128665505718695,-3.540235428574455,0.0012862884357081972,-1.2619248922384445,-7.1148026141637954,-4.052037496258509,True,True
Bannu,KP,32,-0.07642635977317182,-0.046728477027032075,0.11456873490331389,0.020253082340524284,-0.11773279353764474,-0.03511992600869889,-3.773566832355721,0.0006825446466255126,-0.9116723576059682,-7.357886636063327,-4.565351058986511,True,True
