city,province,single_quote_share,mean_within_range_pct,pop_tercile,deprivation_tercile
Karachi,Sindh,0.19791666666666666,16.283279854684412,large,low
Rawalpindi,Punjab,0.21412037037037038,12.61200134347989,large,low
Hyderabad,Sindh,0.21643518518518517,8.06856594264459,medium,low
Islamabad,ICT,0.23958333333333334,12.794159329391366,small,low
Peshawar,KP,0.2673611111111111,10.16533712109394,medium,low
Multan,Punjab,0.3148148148148148,7.350730517255165,large,high
Quetta,Balochistan,0.3368055555555556,7.124802750447601,medium,mid
Lahore,Punjab,0.3643966547192354,9.13685502201169,large,mid
Khuzdar,Balochistan,0.4444444444444444,5.927885751657843,small,high
Larkana,Sindh,0.4652777777777778,5.265067064295511,small,high
Bahawalpur,Punjab,0.4699074074074074,5.3134470648373,medium,high
Sargodha,Punjab,0.6388888888888888,3.5464519178079845,medium,mid
Faisalabad,Punjab,0.6527777777777778,4.735917801438816,large,mid
Bannu,KP,0.7696759259259259,2.1943360223367185,small,high
Gujranwala,Punjab,0.8793309438470729,1.6015953170584394,large,mid
Sialkot,Punjab,0.9044205495818399,2.2238583466162405,small,low
Sukkur,Sindh,0.9085648148148148,1.2204178371272623,small,high
