city,coef,se,ci_lo,ci_hi,mean
Islamabad,0.13237407055719963,0.004023070331506696,0.1244888527074465,0.14025928840695276,0.13226861858938424
Rawalpindi,0.0972985019434538,0.0040230703315066955,0.08941328409370067,0.10518371979320693,0.09719304997562309
Gujranwala,-0.013204531755397042,0.004086560885931702,-0.021214191091823178,-0.005194872418970906,-0.013204531755398673
Sialkot,-0.027217572754813624,0.004086560885931702,-0.03522723209123976,-0.019207913418387488,-0.02721757275480693
Lahore,-0.006820377075876127,0.004086560885931702,-0.014830036412302263,0.0011892822605500085,-0.006820377075870882
Faisalabad,-0.014464564428233295,0.0040230703315066955,-0.022349782277986417,-0.0065793465784801716,-0.014570016396062743
Sargodha,-0.036764141428013986,0.004023070331506696,-0.044649359277767114,-0.02887892357826086,-0.03686959339584366
Multan,0.011968396071027065,0.0040230703315066955,0.004083178221273942,0.019853613920780187,0.011862944103199841
Bahawalpur,-0.03843618909532509,0.0040230703315066955,-0.04632140694507821,-0.03055097124557197,-0.03854164106314911
Karachi,0.05094851460466998,0.0040230703315066955,0.04306329675491686,0.0588337324544231,0.05084306263685237
Hyderabad,-0.019348059073744928,0.0040230703315066955,-0.02723327692349805,-0.011462841223991804,-0.019453511041567163
Sukkur,-0.07370044012304788,0.0040230703315066955,-0.08158565797280101,-0.06581522227329475,-0.07380589209087798
Larkana,-0.05037585689627111,0.0040230703315066955,-0.05826107474602423,-0.04249063904651799,-0.05048130886410894
Peshawar,0.016470002229830527,0.0040230703315066955,0.008584784380077403,0.02435522007958365,0.016364550262003258
Bannu,-0.07632090780534506,0.004023070331506696,-0.08420612565509819,-0.06843568995559193,-0.07642635977317182
Quetta,0.028434127380918994,0.004023070331506696,0.02054890953116587,0.03631934523067212,0.028328675413097804
Khuzdar,0.019159027648968152,0.004023070331506694,0.011273809799215032,0.027044245498721274,0.01905357568113223
