city,province,premium,deprivation_composite,fies_mod_sev_pct,rank_premium,rank_deprivation,rank_fies,burden_composite,burden_fies,rank_burden_composite,rank_burden_fies
Islamabad,ICT,0.13226861858938424,0.1559938524590164,7.93,1,16,17,0.1559938524590164,9.051420024940546,5,16
Rawalpindi,Punjab,0.09719304997562309,0.1956739389168316,9.41,2,15,15,0.1627868291058863,10.370507948847305,4,13
Karachi,Sindh,0.05084306263685237,0.13801419487338976,9.60446146646296,3,17,14,0.08416583381036608,10.105408638178877,12,14
Quetta,Balochistan,0.028328675413097804,0.4930765537867633,23.47,4,7,2,0.24750117202975486,24.144381073808244,2,2
Khuzdar,Balochistan,0.01905357568113223,0.9743120608899297,29.26,5,1,1,0.4457570249941929,29.822852775395805,1,1
Peshawar,KP,0.016364550262003258,0.29996700326968534,11.22,6,12,11,0.13337269268436044,11.40512083228349,6,11
Multan,Punjab,0.011862944103199841,0.5102148743509762,16.88,7,6,7,0.2158485864741839,17.08143896368466,3,6
Lahore,Punjab,-0.006820377075870882,0.34407951645877044,17.96,8,10,5,0.11476075302357128,17.837922807188257,7,4
Gujranwala,Punjab,-0.013204531755398673,0.33104760724469173,10.53,9,11,12,0.10028719931420431,10.39187025692049,10,12
Faisalabad,Punjab,-0.014570016396062743,0.34891181333039084,8.67,10,9,16,0.10341604337120333,8.544593761804181,9,17
Hyderabad,Sindh,-0.019453511041567163,0.2968970598084522,16.59,11,13,8,0.0810516448936273,16.270385146857056,14,8
Sialkot,Punjab,-0.02721757275480693,0.27620838507407297,9.65,12,14,13,0.06512796666426746,9.390892556057628,15,15
Sargodha,Punjab,-0.03686959339584366,0.43280354933239346,16.38,13,8,9,0.08203507828768929,15.787073701457743,13,9
Bahawalpur,Punjab,-0.03854164106314911,0.6109293261297049,21.25,14,3,3,0.11090293524896923,20.44657229098597,8,3
Larkana,Sindh,-0.05048130886410894,0.7046668006161677,17.28,15,2,6,0.08760448458971251,16.429334967520443,11,7
Sukkur,Sindh,-0.07380589209087798,0.5852743755153487,15.53,16,4,10,0.00734896737020794,14.425071154020362,16,10
Bannu,KP,-0.07642635977317182,0.5577803984393785,18.73,17,5,4,0.0,17.351867833065338,17,5
