week_end,year,month,iso_week
2025-05-15,2025,5,20
2025-07-17,2025,7,29
2025-07-24,2025,7,30
2025-07-31,2025,7,31
2025-10-16,2025,10,42
2025-10-23,2025,10,43
2025-10-30,2025,10,44
2025-11-06,2025,11,45
2025-11-13,2025,11,46
2025-11-20,2025,11,47
2025-11-27,2025,11,48
2025-12-11,2025,12,50
2025-12-18,2025,12,51
2025-12-24,2025,12,52
2026-02-26,2026,2,9
2026-03-11,2026,3,11
2026-03-26,2026,3,13
2026-04-02,2026,4,14
2026-04-09,2026,4,15
2026-05-21,2026,5,21
2026-06-04,2026,6,23
2026-06-11,2026,6,24
2026-07-30,2026,7,31
2026-08-13,2026,8,33
2026-08-20,2026,8,34
2026-08-27,2026,8,35
2026-09-24,2026,9,39
