variable,n,mean,median,sd,iqr,skew,min,max
"price_z_item_week (food; z-score, unitless)",14539,-7.843875719753496e-16,-0.043476815251247275,0.9700069423217692,1.226514745508787,0.18926783345172812,-3.86495823217348,3.7946699745695374
rel_price (food; log points),14607,-1.1492142214234523e-17,2.2204460492503128e-16,0.12990209192141292,0.11008608853342532,-0.14432131994868144,-1.239122846525861,0.7081228125642489
"dlog_price (food; log points, consecutive weeks)",8115,-0.002718058417740073,0.0,0.07175469288947649,0.0,-1.2999958594963268,-0.9808292530117262,0.708673760754027
within_city_range_pct (food; %),14607,6.811660590477313,1.395361817319231,11.665244551564854,9.384384384384385,3.548915652204919,0.0,152.8584530724549
"single_quote (food; 1 if MIN = MAX, else 0)",14607,0.4860683234065859,0.0,0.49982298001633135,1.0,0.05574835115030237,0.0,1.0
fies_mod_sev_pct (17 cities; %),17,15.314380086262528,16.38,5.926091902605532,8.31,0.6466423910425403,7.93,29.26
illiteracy10_pct (17 cities; %),17,35.755598995635836,34.0,15.261725280585823,20.15481707419083,1.0802653906318278,15.0,78.0
out_of_school_pct (17 cities; %),17,28.572864084845918,25.738689442380593,15.495028597954798,19.0,0.6267501306724618,10.0,60.0
no_tap_water_pct (17 cities; %),17,76.78151550440207,81.74,20.667303477747375,18.129999999999995,-1.1212252044606656,31.680000000000007,100.0
deprivation_composite (17 cities; 0-1),17,0.4268147829703508,0.34891181333039084,0.2168538003622754,0.26088333863092633,0.8404464901315767,0.13801419487338976,0.9743120608899297
pop_urban (17 city districts; millions),17,3.524078588235294,1.619321,4.939815050025342,2.485099,2.297670907589973,0.048398,18.868021
log_pop_urban (17 city districts; log persons),17,14.368463786378987,14.297517483544135,1.340811667751779,1.1759144369146703,-0.7247554266365748,10.787213769536883,16.75297903638122
