p90_all,p90_changed,share_zero,n
0.03322694395563364,0.04396196663716641,0.49411764705882355,255
0.0,0.060101666152548305,0.9490196078431372,255
0.0,0.057806426365618446,0.9428571428571428,210
0.0,,0.9882352941176471,255
0.0,0.07425463917087444,0.9058823529411765,255
0.0,0.05631971511647736,0.9058823529411765,255
0.1332490907027578,0.1377898262336168,0.07450980392156863,255
0.0,0.034106084578834045,0.9450980392156862,255
0.0,0.05682827597860963,0.9450980392156862,255
0.0005799752264014247,0.046434674946122634,0.8980392156862745,255
0.07616283352296963,0.08701137698962924,0.23921568627450981,255
0.0011480800335583292,0.03984958916717521,0.8941176470588236,255
0.006926768184714743,0.04003974468403461,0.8745098039215686,255
0.005802598228987268,0.04772027649071585,0.8941176470588236,255
0.0066151165205669115,0.017241806434506124,0.8666666666666667,255
0.08721004488782298,0.13517501112960276,0.5803921568627451,255
0.02034916358191995,0.0676040617878516,0.788235294117647,255
0.027300447921965967,0.056223980928435335,0.7686274509803922,255
0.020620988023297038,0.05755862666118896,0.792156862745098,255
0.04372798596350228,0.06899287148695166,0.6784313725490196,255
0.13505522844849854,0.18665111288552244,0.5372549019607843,255
0.23806067477110546,0.28972846017552867,0.25882352941176473,255
0.5426788688888596,0.5673184615397452,0.12549019607843137,255
0.06268047132454801,0.07351687328808403,0.39215686274509803,255
0.01709533307800548,0.10763239475318055,0.8431372549019608,255
0.0,0.2876820724517808,0.9647058823529412,255
0.0,0.17185025692665956,0.9647058823529412,255
0.08990224240772998,0.15842964772155899,0.6039215686274509,255
0.0,,0.9921568627450981,255
0.0,,0.984313725490196,255
0.0,,0.9882352941176471,255
0.0,0.13596685774182138,0.9764705882352941,255
