local_path,url,sha256,bytes,file_mtime_utc,reference
data/external/raw/PSLM_2019_20_District_Level.pdf,https://www.pbs.gov.pk/wp-content/uploads/2020/07/PSLM_2019_20_District_Level.pdf,5f3cf6ddae0a2ee4bc2eb1f276d5c7a13272ec3c6bf6669df9932aebd60a82d8,22342963,2026-10-03T23:36:31+00:00,"Tables 2.14(a) pp.131-134, 2.15 pp.143-146, 7.1 pp.474-481, 9.1 pp.577-580 (printed page numbers)"
data/external/raw/pslm_page.html,https://www.pbs.gov.pk/pslm-3/,7d0929b11cd08c0bc52c010c7da9510174f5728c3040fdc20abc536ee0816e28,373661,2026-10-03T23:35:56+00:00,
data/external/raw/census2023_result_excel.html,https://www.pbs.gov.pk/result-excel/,a456868d99eb45f2ff4fbb7131f99f69793aed1e66f4c6a860ca79ea87139b62,1975916,2026-10-03T23:39:21+00:00,
data/external/raw/census2023/table_1_punjab_districts.xlsx,https://www.pbs.gov.pk/wp-content/uploads/2020/07/table_1_punjab_districts.xlsx,e082a05c5485908a3fba22392ae222db084458842e26704b4193352ed768a074,69003,2026-10-03T23:39:45+00:00,"Table 1, district rows and their RURAL/URBAN sub-rows, column POPULATION-2023 ALL SEXES"
data/external/raw/census2023/table_1_sindh_districts.xlsx,https://www.pbs.gov.pk/wp-content/uploads/2020/07/table_1_sindh_districts.xlsx,082e7a735e782ece2380d50f204ee29b1b0222fddbcd772b3d80c073b1757734,62483,2026-10-03T23:39:47+00:00,"Table 1, district rows and their RURAL/URBAN sub-rows, column POPULATION-2023 ALL SEXES"
data/external/raw/census2023/table_1_kp_districts.xlsx,https://www.pbs.gov.pk/wp-content/uploads/2020/07/table_1_kp_districts.xlsx,8c869da97389e7dd4b58ff59b9fc249acab4578197125ce66f028c8a72e4c432,62461,2026-10-03T23:39:49+00:00,"Table 1, district rows and their RURAL/URBAN sub-rows, column POPULATION-2023 ALL SEXES"
data/external/raw/census2023/table_1_balochistan_districts.xlsx,https://www.pbs.gov.pk/wp-content/uploads/2020/07/table_1_balochistan_districts.xlsx,318c7182f180b83aa272a9087ed8f62cb3712f85e2f2958c14291ad9a7b797db,61693,2026-10-03T23:39:50+00:00,"Table 1, district rows and their RURAL/URBAN sub-rows, column POPULATION-2023 ALL SEXES"
data/external/raw/census2023/table_1_islamabad.xlsx,https://www.pbs.gov.pk/wp-content/uploads/2020/07/table_1_islamabad.xlsx,99faf74186fd0c7699ba5df008ed927f5cb4533383715785aad0e23d5e1b22b5,15913,2026-10-03T23:39:52+00:00,"Table 1, district rows and their RURAL/URBAN sub-rows, column POPULATION-2023 ALL SEXES"
data/external/raw/census2023/table_1_national.xlsx,https://www.pbs.gov.pk/wp-content/uploads/2020/07/table_1_national.xlsx,a15954fb456881e7cdb3cd02692183f949a6b46085a9ca8a0df18bb970b62fc6,12843,2026-10-03T23:39:53+00:00,"Table 1, district rows and their RURAL/URBAN sub-rows, column POPULATION-2023 ALL SEXES"
data/external/raw/cpi/CpI-Urban-Groupwise-Cumulative-Indices.pdf,https://www.pbs.gov.pk/wp-content/uploads/2020/07/CpI-Urban-Groupwise-Cumulative-Indices.pdf,8fc1b786356d064339058a14c3bd4ff8b5b3950cf06b1ca4590a0b95b7134cf7,4924688,2026-10-03T23:41:09+00:00,"pdf pp.28 and 31, row 'Food and non-alcoholic Beverages'"
data/external/raw/cpi/Monthly-Review-August-2026.docx,https://www.pbs.gov.pk/wp-content/uploads/2020/07/Monthly-Review-August-2026.docx,7f4383ac4b27316ef40c67d30b74238a85b48c1c29a91c1b7e32a41efebea185,1039365,2026-10-03T23:42:24+00:00,"Table 2 CPI (Urban) by Group, row 'Food & Non-alcoholic Bev.'"
data/external/raw/cpi/Monthly-Review-September2026.docx,https://www.pbs.gov.pk/wp-content/uploads/2020/07/Monthly-Review-September2026.docx,ccddae229789d04c0c9e4b0bd9f68d72e925a01309728f7449b85385871c7138,1004390,2026-10-03T23:41:32+00:00,"Table 2 CPI (Urban) by Group, row 'Food & Non-alcoholic Bev.'"
data/external/raw/cpi/monthly_inflation_august_2026.html,https://www.pbs.gov.pk/monthly-inflation-report-for-august-2026/,7c2c6098b2ccf1f24954ff4bf6f6da1bb3f7dccc8d294acbcef75f17aabfde0d,208787,2026-10-03T23:42:22+00:00,
data/external/raw/cpi/monthly_inflation_sep_2026.html,https://www.pbs.gov.pk/monthly-inflation-report-for-sep-2026/,102cc95e50028066787b75110156e1321b23d4340c20f0ebed7b9348fa2da785,208561,2026-10-03T23:40:48+00:00,
data/external/raw/cpi/price_statistics_live.html,https://www.pbs.gov.pk/price-statistics/,21fa15a614f97a2b6828b16dfb6cb598dd315801191758a5721d7fe2d0c3ea75,343952,2026-10-03T23:40:37+00:00,
