week_end,commodity_raw,city_count,city_mean,city_std,cv
2025-10-30,2,21,35.19047619047619,18.890788886700967,0.5368153810835187
2025-10-30,Bananas (Kela) Local,21,122.35918393258271,41.98873459273365,0.34315964885699585
2025-10-30,Beef with Bone (Average Quality),21,1082.6117584700044,274.21406881035443,0.25328938713716365
2025-10-30,Bread plain (Small Size),21,104.79691146881288,25.940215973583225,0.24752843962680068
2025-10-30,Chicken Farm Broiler (Live),21,319.77833280326905,77.51879896009623,0.24241416946715588
2025-10-30,Chilies Powder NATIONAL 200 gm Packet,21,306.1936810691579,73.61503241191971,0.240419828896772
2025-10-30,Cigarettes Capstan 20'S Packet,21,231.028968492966,52.115027095616185,0.22557788936846204
2025-10-30,Cooked Beef at Average Hotel,21,302.6803432183148,83.39764732110731,0.27553043727373777
2025-10-30,Cooked Daal at Average Hotel,21,161.817488148456,44.60041561749236,0.27562172746480074
2025-10-30,"Cooking Oil DALDA or Other Similar Brand (SN), 5 Litre Tin",21,2757.868817500253,635.7476232383527,0.23052134285872153
2025-10-30,Curd (Dahi) Loose,21,229.06276897906196,62.16144523795265,0.271372975691369
2025-10-30,Eggs Hen (Farm),21,326.529397951656,76.97485997594205,0.23573638532644003
2025-10-30,Electricity Charges for Q1*,21,3.893343799058085,4.971784218700413,1.2769959385305851
2025-10-30,Energy Saver Philips 14 Watt,21,390.25947492022004,138.82017006214468,0.3557124912611626
2025-10-30,Firewood Whole,21,1345.8170077274183,421.01549558682365,0.31283264602054733
2025-10-30,Garlic (Lehsun),21,420.5634651686879,113.37072791338933,0.26956865563183513
2025-10-30,Gas Charges for Q1,21,2393.2971329563575,552.464651955893,0.2308383043410295
2025-10-30,Gents Sandal Bata,21,2380.4148892799967,543.4252461691337,0.2282901390914688
2025-10-30,Gents Sponge Chappal Bata,21,570.4761904761905,130.71251625135943,0.229128784747792
2025-10-30,Georgette (Average Quality),21,294.0912452196199,85.33058394655741,0.2901500310994796
2025-10-30,Gur (Average Quality),21,233.92301061040956,58.04423737432115,0.2481339361307715
2025-10-30,Hi-Speed Diesel,21,261.5095733822415,62.25137736483641,0.23804626560973063
2025-10-30,LPG 11.67 kg Cylinder,21,2906.2472001082942,680.3976370302996,0.2341155415151699
2025-10-30,Ladies Sandal Bata,21,1300.4874612278957,310.4721984438185,0.23873524943537444
2025-10-30,Lawn Printed Gul Ahmed/Al Karam,21,633.6479727718754,168.6471372803,0.2661527291605744
2025-10-30,"Long Cloth 57"" Gul Ahmed/Al Karam",21,633.4519367772454,173.16473537323535,0.27336681020225384
2025-10-30,Match Box,21,6.211447040873686,0.737320562303937,0.11870350941609693
2025-10-30,Milk fresh (Un-boiled),21,193.9468607407293,47.46497752475072,0.24473186801513908
2025-10-30,Mustard Oil (Average Quality),21,516.5630173331199,131.2572258935543,0.2540972185178899
2025-10-30,Mutton (Average Quality),21,1992.7297212270853,505.7509697970359,0.2537980762818171
2025-10-30,Onions,21,162.82290094672885,56.539668004251396,0.34724641113444854
2025-10-30,Petrol Super,21,250.54337803596187,59.54907698865977,0.23767970822247142
2025-10-30,Potatoes,21,82.09075575887803,24.436649960083546,0.29767846250387026
2025-10-30,Powdered Milk NIDO 390 gm Polybag,21,1055.5407746482556,238.5004954442609,0.22595100177322652
2025-10-30,Pulse Gram,21,291.0910716745767,71.1321973243441,0.24436406419179307
2025-10-30,Pulse Mash (Washed),21,434.6413552146131,109.78650953297232,0.25259103446049896
2025-10-30,Pulse Masoor (Washed),21,279.81193922882676,69.79273354853729,0.24942728941763148
2025-10-30,Pulse Moong (Washed),21,364.27156231964636,84.40393209768864,0.23170606994466572
2025-10-30,Rice Basmati Broken (Average Quality),21,208.66227238283608,63.61622823228528,0.3048765237041392
2025-10-30,Rice IRRI-6/9 (Sindh/Punjab),21,128.29712670727207,66.29992841686435,0.5167686145313055
2025-10-30,Salt Powdered (NATIONAL/SHAN) 800 gm Packet,21,69.57524302234589,14.40586434260515,0.20705445955795418
2025-10-30,Shirting (Average Quality),21,499.8461419667138,184.01294990816308,0.3681391821574108
2025-10-30,Sufi Washing Soap 250 gm Cake,21,126.71213992452662,29.170277493637645,0.23020901952261477
2025-10-30,Sugar Refined,21,175.46578161425472,42.22931549701732,0.240669805294884
2025-10-30,Tea Lipton Yellow Label 190 gm Packet,21,432.9691138859224,104.10719043341541,0.24044946185432828
2025-10-30,Tea Prepared Ordinary,21,59.66020271797835,15.00721411398368,0.2515448059223795
2025-10-30,Telephone Call Charges,21,1.7047619047619047,0.39061002352242635,0.229128784747792
2025-10-30,Toilet Soap LIFEBUOY 115 gm,21,109.09553519923317,25.530615065863707,0.2340207142229883
2025-10-30,Tomatoes,21,163.68695590892978,55.72279263024362,0.34042292692672477
2025-10-30,Vegetable Ghee DALDA/HABIB 2.5 kg Tin,21,1407.30003856871,324.54520773818024,0.2306155040457882
2025-10-30,Vegetable Ghee DALDA/HABIB or Other superior Quality 1 kg Pouch,21,550.2019828635747,125.60349864816013,0.22828616137376614
2025-10-30,Wheat Flour Bag,21,2057.3646892884785,551.5743859042684,0.2680975272765207
2025-12-11,2,21,35.19047619047619,18.890788886700967,0.5368153810835187
2025-12-11,Bananas (Kela) Local,21,128.16775536115415,42.6438724783119,0.3327191956990195
2025-12-11,Beef with Bone (Average Quality),21,1096.6450918033377,275.1709167313148,0.25092066593652473
2025-12-11,Bread plain (Small Size),21,105.80834004024143,25.9415455910693,0.24517486600019536
2025-12-11,Chicken Farm Broiler (Live),21,348.3240470889833,83.3366377993817,0.23925031445817008
2025-12-11,Chilies Powder NATIONAL 200 gm Packet,21,306.1936810691579,73.61503241191971,0.240419828896772
2025-12-11,Cigarettes Capstan 20'S Packet,21,232.078968492966,52.19627700947471,0.22490739832401793
2025-12-11,Cooked Beef at Average Hotel,21,302.9322479802196,83.37591524729302,0.2752295795617546
2025-12-11,Cooked Daal at Average Hotel,21,162.13510719607507,44.57567540380803,0.27492920055803377
2025-12-11,"Cooking Oil DALDA or Other Similar Brand (SN), 5 Litre Tin",21,2854.257865119301,662.3515529839974,0.23205736281865783
2025-12-11,Curd (Dahi) Loose,21,229.06657850287147,62.16157106027049,0.2713690118678368
2025-12-11,Eggs Hen (Farm),21,336.74463604689413,79.43812761921969,0.23590020186144064
2025-12-11,Electricity Charges for Q1*,21,4.896200941915228,5.183361622062806,1.0586496925992688
2025-12-11,Energy Saver Philips 14 Watt,21,390.3156653964105,138.81591242650856,0.35565037412865563
2025-12-11,Firewood Whole,21,1371.5431982036087,412.38807373214235,0.30067450611272867
2025-12-11,Garlic (Lehsun),21,424.61965564487843,121.60968594674839,0.28639674195500275
2025-12-11,Gas Charges for Q1,21,2393.2971329563575,552.464651955893,0.2308383043410295
2025-12-11,Gents Sandal Bata,21,2380.4148892799967,543.4252461691337,0.2282901390914688
2025-12-11,Gents Sponge Chappal Bata,21,570.4761904761905,130.71251625135943,0.229128784747792
2025-12-11,Georgette (Average Quality),21,296.6869595053342,87.17036873090888,0.29381260597448544
2025-12-11,Gur (Average Quality),21,224.8972963246953,56.47443006521207,0.251112089776647
2025-12-11,Hi-Speed Diesel,21,265.60385909652723,63.19279355743849,0.23792121760728113
2025-12-11,LPG 11.67 kg Cylinder,21,3298.713390584485,779.2953983395022,0.236242227216176
2025-12-11,Ladies Sandal Bata,21,1324.2969850374195,297.0241990981626,0.22428820910573158
2025-12-11,Lawn Printed Gul Ahmed/Al Karam,21,633.6479727718754,168.6471372803,0.2661527291605744
2025-12-11,"Long Cloth 57"" Gul Ahmed/Al Karam",21,633.4519367772454,173.16473537323535,0.27336681020225384
2025-12-11,Match Box,21,6.211447040873686,0.737320562303937,0.11870350941609693
2025-12-11,Milk fresh (Un-boiled),21,193.97971788358643,47.4653391377598,0.24469227842802257
2025-12-11,Mustard Oil (Average Quality),21,518.5311125712152,132.18780372948268,0.2549274296657136
2025-12-11,Mutton (Average Quality),21,1999.484959322323,507.13828420018274,0.25363445813169055
2025-12-11,Onions,21,99.51671047053837,34.858194206726274,0.3502747834198754
2025-12-11,Petrol Super,21,251.17147327405706,59.64456187082245,0.23746550949176998
2025-12-11,Potatoes,21,71.11599385411613,25.25774347476412,0.3551626308784578
2025-12-11,Powdered Milk NIDO 390 gm Polybag,21,1071.1402984577794,242.78647152429562,0.22666169116581456
2025-12-11,Pulse Gram,21,269.3115478650529,64.72662470831803,0.24034106677353234
2025-12-11,Pulse Mash (Washed),21,427.02945045270843,107.20705202891034,0.25105306417451184
2025-12-11,Pulse Masoor (Washed),21,273.91908208596965,67.72363158870341,0.24723955364105782
2025-12-11,Pulse Moong (Washed),21,365.2463242244083,82.21003090665637,0.22508106298188593
2025-12-11,Rice Basmati Broken (Average Quality),21,206.45941523997894,62.19539306069045,0.3012475502189977
2025-12-11,Rice IRRI-6/9 (Sindh/Punjab),21,127.81188861203397,66.01307897974857,0.5164862181180006
2025-12-11,Salt Powdered (NATIONAL/SHAN) 800 gm Packet,21,65.59333826044112,14.243400078663624,0.21714705267949017
2025-12-11,Shirting (Average Quality),21,502.604237204809,183.8686148199943,0.36583180405036786
2025-12-11,Sufi Washing Soap 250 gm Cake,21,127.07261611500283,29.33291400278637,0.23083583937738086
2025-12-11,Sugar Refined,21,163.81149589996903,39.77514754577515,0.2428104775385466
2025-12-11,Tea Lipton Yellow Label 190 gm Packet,21,432.92482817163665,104.0574667347091,0.24035920317661857
2025-12-11,Tea Prepared Ordinary,21,60.74925033702596,15.10440766447177,0.2486352931217294
2025-12-11,Telephone Call Charges,21,1.7047619047619047,0.39061002352242635,0.229128784747792
2025-12-11,Toilet Soap LIFEBUOY 115 gm,21,109.2088685325665,25.5845664727238,0.23427187568649138
2025-12-11,Tomatoes,21,81.52790828988215,30.2664520278152,0.37124038458339
2025-12-11,Vegetable Ghee DALDA/HABIB 2.5 kg Tin,21,1442.3862290449006,333.93624641359224,0.2315165242770749
2025-12-11,Vegetable Ghee DALDA/HABIB or Other superior Quality 1 kg Pouch,21,558.0872209588128,127.01247003586266,0.2275853401868814
2025-12-11,Wheat Flour Bag,21,2070.1470702408596,563.4644320630608,0.2721857012784615
2025-12-24,2,21,35.19047619047619,18.890788886700967,0.5368153810835187
2025-12-24,Bananas (Kela) Local,21,129.94394583734461,42.07772507172087,0.32381443245067404
2025-12-24,Beef with Bone (Average Quality),21,1099.1798537080995,274.9723110556287,0.2501613454140426
2025-12-24,Bread plain (Small Size),21,105.80738765928906,25.94142870740211,0.24517596815579876
2025-12-24,Chicken Farm Broiler (Live),21,405.0816661366024,96.77013553865648,0.23889043525861145
2025-12-24,Chilies Powder NATIONAL 200 gm Packet,21,333.3698715453484,84.29579955818114,0.25285968155257954
2025-12-24,Cigarettes Capstan 20'S Packet,21,232.078968492966,52.19627700947471,0.22490739832401793
2025-12-24,Cooked Beef at Average Hotel,21,303.030819408791,83.3717608717066,0.2751263420478609
2025-12-24,Cooked Daal at Average Hotel,21,162.1522500532179,44.57564161372406,0.2748999264524203
2025-12-24,"Cooking Oil DALDA or Other Similar Brand (SN), 5 Litre Tin",21,2864.5850079764436,664.4146798430174,0.23194098900641916
2025-12-24,Curd (Dahi) Loose,21,229.54848326477622,61.82799718110419,0.26934613682368674
2025-12-24,Eggs Hen (Farm),21,346.9498741421322,82.66807431358811,0.2382709448100913
2025-12-24,Electricity Charges for Q1*,21,4.981915227629512,5.202615423978074,1.0443002713343186
2025-12-24,Energy Saver Philips 14 Watt,21,391.8032844440296,140.68589973111494,0.359072793202203
2025-12-24,Firewood Whole,21,1383.7284362988469,414.552392773055,0.2995908603872351
2025-12-24,Garlic (Lehsun),21,426.8748937401165,125.80125882964404,0.29470287588811084
2025-12-24,Gas Charges for Q1,21,2393.2971329563575,552.464651955893,0.2308383043410295
2025-12-24,Gents Sandal Bata,21,2380.4148892799967,543.4252461691337,0.2282901390914688
2025-12-24,Gents Sponge Chappal Bata,21,570.4761904761905,130.71251625135943,0.229128784747792
2025-12-24,Georgette (Average Quality),21,296.70457855295325,87.16940504688864,0.29379191070127486
2025-12-24,Gur (Average Quality),21,222.00967727707624,56.26333295451932,0.25342738949302923
2025-12-24,Hi-Speed Diesel,21,253.39195433462248,60.13813432684753,0.23733245392405297
2025-12-24,LPG 11.67 kg Cylinder,21,3273.1857715368656,774.2527795524041,0.23654409911138885
2025-12-24,Ladies Sandal Bata,21,1324.2969850374195,297.0241990981626,0.22428820910573158
2025-12-24,Lawn Printed Gul Ahmed/Al Karam,21,633.6479727718754,168.6471372803,0.2661527291605744
2025-12-24,"Long Cloth 57"" Gul Ahmed/Al Karam",21,633.4809843962929,173.16188878557207,0.2733497816838106
2025-12-24,Match Box,21,6.211447040873686,0.737320562303937,0.11870350941609693
2025-12-24,Milk fresh (Un-boiled),21,194.4073369312055,47.39607369657017,0.24379776218704194
2025-12-24,Mustard Oil (Average Quality),21,520.3011125712152,131.74972565207497,0.25321822780850195
2025-12-24,Mutton (Average Quality),21,2006.059245036609,505.8024886542332,0.25213736329357644
2025-12-24,Onions,21,89.39623428006217,32.328771175937106,0.36163459720973185
2025-12-24,Petrol Super,21,251.17147327405706,59.64456187082245,0.23746550949176998
2025-12-24,Potatoes,21,59.671231949354215,22.339255983968943,0.3743722938874351
2025-12-24,Powdered Milk NIDO 390 gm Polybag,21,1071.536965124446,242.91675366251636,0.22669936882140557
2025-12-24,Pulse Gram,21,262.91678596029095,64.95226245945338,0.247044943221173
2025-12-24,Pulse Mash (Washed),21,421.8670695003274,106.72446240733622,0.2529812590817862
2025-12-24,Pulse Masoor (Washed),21,269.9205106573982,67.63719029273359,0.25058188474822274
2025-12-24,Pulse Moong (Washed),21,367.6296575577416,81.74337515825714,0.2223525046953486
2025-12-24,Rice Basmati Broken (Average Quality),21,206.06989143045516,62.00671531698796,0.3009013829558604
2025-12-24,Rice IRRI-6/9 (Sindh/Punjab),21,127.61426956441491,65.94827472503079,0.5167782172803376
2025-12-24,Salt Powdered (NATIONAL/SHAN) 800 gm Packet,21,64.92095730806017,14.02088080229758,0.2159684851190085
2025-12-24,Shirting (Average Quality),21,506.63042768099945,179.11581405620964,0.3535433410031783
2025-12-24,Sufi Washing Soap 250 gm Cake,21,127.0783304007171,29.333774019306937,0.23083222707450213
2025-12-24,Sugar Refined,21,151.04054351901664,35.32804622218828,0.23389776942732154
2025-12-24,Tea Lipton Yellow Label 190 gm Packet,21,432.92482817163665,104.0574667347091,0.24035920317661857
2025-12-24,Tea Prepared Ordinary,21,60.74925033702596,15.10440766447177,0.2486352931217294
2025-12-24,Telephone Call Charges,21,1.7047619047619047,0.39061002352242635,0.229128784747792
2025-12-24,Toilet Soap LIFEBUOY 115 gm,21,109.33458281828078,25.607824117228525,0.23421522684903762
2025-12-24,Tomatoes,21,73.55790828988214,48.536449596151925,0.6598399917093359
2025-12-24,Vegetable Ghee DALDA/HABIB 2.5 kg Tin,21,1452.255276663948,336.5489469317819,0.2317422786060631
2025-12-24,Vegetable Ghee DALDA/HABIB or Other superior Quality 1 kg Pouch,21,559.2210304826224,127.2235010769232,0.22750128150067245
2025-12-24,Wheat Flour Bag,21,2066.700403574193,560.4871590303246,0.2711990369097557
2026-02-26,2,21,35.19047619047619,18.890788886700967,0.5368153810835187
2026-02-26,Bananas (Kela) Local,21,201.01442202782079,79.48716338907323,0.39543015166380474
2026-02-26,Beef with Bone (Average Quality),21,1121.428901327147,283.1373573753868,0.25247909790831136
2026-02-26,Bread plain (Small Size),21,105.24119718309859,26.130088443593635,0.24828763966008974
2026-02-26,Chicken Farm Broiler (Live),21,334.80404708898334,86.53206604869523,0.25845585440517976
2026-02-26,Chilies Powder NATIONAL 200 gm Packet,21,346.4965382120151,86.4883068250692,0.24960799686878413
2026-02-26,Cigarettes Capstan 20'S Packet,21,233.028968492966,52.41026036480216,0.2249087772380719
2026-02-26,Cooked Beef at Average Hotel,21,303.5446289326005,83.33857379070538,0.2745513043131789
2026-02-26,Cooked Daal at Average Hotel,21,162.47510719607504,44.65135419186811,0.27481966291601106
2026-02-26,"Cooking Oil DALDA or Other Similar Brand (SN), 5 Litre Tin",21,2841.5011984526345,655.6656752357313,0.23074622512662676
2026-02-26,Curd (Dahi) Loose,21,230.1399118362048,61.95415419541226,0.26920212883155303
2026-02-26,Eggs Hen (Farm),21,233.9498741421322,60.793973341482605,0.2598589700653067
2026-02-26,Electricity Charges for Q1*,21,5.761439037153322,5.389349384117697,0.935417236798626
2026-02-26,Energy Saver Philips 14 Watt,21,391.8032844440296,140.68589973111494,0.359072793202203
2026-02-26,Firewood Whole,21,1408.9189124893232,419.4573447901682,0.29771574579054905
2026-02-26,Garlic (Lehsun),21,506.10727469249747,134.51806816387239,0.26578963569650993
2026-02-26,Gas Charges for Q1,21,2393.2971329563575,552.464651955893,0.2308383043410295
2026-02-26,Gents Sandal Bata,21,2380.4148892799967,543.4252461691337,0.2282901390914688
2026-02-26,Gents Sponge Chappal Bata,21,570.4761904761905,130.71251625135943,0.229128784747792
2026-02-26,Georgette (Average Quality),21,299.0098166481913,89.03781234758728,0.297775549129704
2026-02-26,Gur (Average Quality),21,215.1596772770762,57.23659408788962,0.26601914825416867
2026-02-26,Hi-Speed Diesel,21,262.3433829060511,62.27838409583911,0.23739262414764958
2026-02-26,LPG 11.67 kg Cylinder,21,3358.7229143940085,796.6446713036049,0.23718677950167796
2026-02-26,Ladies Sandal Bata,21,1324.2969850374195,297.0241990981626,0.22428820910573158
2026-02-26,Lawn Printed Gul Ahmed/Al Karam,21,636.2427346766374,169.30408711958754,0.26609983563212597
2026-02-26,"Long Cloth 57"" Gul Ahmed/Al Karam",21,639.4505082058167,175.4628197714741,0.27439624727766854
2026-02-26,Match Box,21,6.211447040873686,0.737320562303937,0.11870350941609693
2026-02-26,Milk fresh (Un-boiled),21,194.6382893121579,47.51834974498477,0.2441367005069366
2026-02-26,Mustard Oil (Average Quality),21,528.8849220950246,133.54887501941081,0.25251027102530277
2026-02-26,Mutton (Average Quality),21,2058.49162598899,528.0510193204556,0.25652327784756307
2026-02-26,Onions,21,64.82051999434789,24.38033667569249,0.3761206586713338
2026-02-26,Petrol Super,21,246.72909232167612,58.55195081279244,0.2373127151801564
2026-02-26,Potatoes,21,36.67456528268755,17.595457816743192,0.4797727711594507
2026-02-26,Powdered Milk NIDO 390 gm Polybag,21,1078.7488698863508,244.46601720753816,0.22661995208698882
2026-02-26,Pulse Gram,21,249.8458335793386,60.49067172278187,0.2421119890461293
2026-02-26,Pulse Mash (Washed),21,441.9027837860417,105.06595924762183,0.23775808413665062
2026-02-26,Pulse Masoor (Washed),21,254.73146303835057,63.846813453625906,0.2506436099101491
2026-02-26,Pulse Moong (Washed),21,373.7301337482178,82.6359329471946,0.22111123906017832
2026-02-26,Rice Basmati Broken (Average Quality),21,207.23893904950273,61.70559942167195,0.2977509907389193
2026-02-26,Rice IRRI-6/9 (Sindh/Punjab),21,126.94284099298635,66.45262283876463,0.5234846039284418
2026-02-26,Salt Powdered (NATIONAL/SHAN) 800 gm Packet,21,61.36524302234588,12.915757136374468,0.21047349444491328
2026-02-26,Shirting (Average Quality),21,519.6932848238566,180.31886954587438,0.3469717135309746
2026-02-26,Sufi Washing Soap 250 gm Cake,21,127.10975897214567,29.33892144006766,0.23081564843889663
2026-02-26,Sugar Refined,21,145.0929244713976,32.8273734477373,0.22625068429307602
2026-02-26,Tea Lipton Yellow Label 190 gm Packet,21,430.13101864782715,101.6930769270455,0.23642349079294706
2026-02-26,Tea Prepared Ordinary,21,61.09496462274025,14.942879269543683,0.24458446554172766
2026-02-26,Telephone Call Charges,21,1.7047619047619047,0.39061002352242635,0.229128784747792
2026-02-26,Toilet Soap LIFEBUOY 115 gm,21,109.51124948494746,25.58841826152336,0.23366017995293295
2026-02-26,Tomatoes,21,69.26647971845357,22.792202433405965,0.3290509713507759
2026-02-26,Vegetable Ghee DALDA/HABIB 2.5 kg Tin,21,1435.78003856871,330.2477812478097,0.23001279609446632
2026-02-26,Vegetable Ghee DALDA/HABIB or Other superior Quality 1 kg Pouch,21,558.5829352445271,127.01386146128722,0.22738586062548655
2026-02-26,Wheat Flour Bag,21,2135.545641669431,606.3252228279275,0.2839205170786899
2026-03-11,2,21,35.19047619047619,18.890788886700967,0.5368153810835187
2026-03-11,Bananas (Kela) Local,21,210.02585059924937,77.31112522815774,0.36810290260733286
2026-03-11,Beef with Bone (Average Quality),21,1130.8841394223853,285.29568325328063,0.25227666858870207
2026-03-11,Bread plain (Small Size),21,105.27024480214621,26.1332039384664,0.24824872391608238
2026-03-11,Chicken Farm Broiler (Live),21,368.67976137469765,92.07408139377146,0.24973999400036087
2026-03-11,Chilies Powder NATIONAL 200 gm Packet,21,346.4965382120151,86.4883068250692,0.24960799686878413
2026-03-11,Cigarettes Capstan 20'S Packet,21,233.57039706439454,52.531300071357386,0.22490564186040532
2026-03-11,Cooked Beef at Average Hotel,21,303.6198670278386,83.40139181265485,0.27469016645412025
2026-03-11,Cooked Daal at Average Hotel,21,162.47510719607504,44.65135419186811,0.27481966291601106
2026-03-11,"Cooking Oil DALDA or Other Similar Brand (SN), 5 Litre Tin",21,2831.575960357396,652.7063764878251,0.23050993002689632
2026-03-11,Curd (Dahi) Loose,21,230.02943564572857,61.9542378403352,0.2693317821104937
2026-03-11,Eggs Hen (Farm),21,216.7303503326084,56.05286672651493,0.2586295211560936
2026-03-11,Electricity Charges for Q1*,21,5.761439037153322,5.389349384117697,0.935417236798626
2026-03-11,Energy Saver Philips 14 Watt,21,391.8032844440296,140.68589973111494,0.359072793202203
2026-03-11,Firewood Whole,21,1413.9474839178945,421.1489464849556,0.297853315823299
2026-03-11,Garlic (Lehsun),21,507.73632231154505,135.622431237848,0.267111934439527
2026-03-11,Gas Charges for Q1,21,2393.2971329563575,552.464651955893,0.2308383043410295
2026-03-11,Gents Sandal Bata,21,2380.4148892799967,543.4252461691337,0.2282901390914688
2026-03-11,Gents Sponge Chappal Bata,21,570.4761904761905,130.71251625135943,0.229128784747792
2026-03-11,Georgette (Average Quality),21,299.1950547434294,89.03084923305234,0.2975679170546435
2026-03-11,Gur (Average Quality),21,215.81539156279052,57.047088031604154,0.2643328060084471
2026-03-11,Hi-Speed Diesel,21,313.76862100128915,77.44191359726443,0.24681216799224245
2026-03-11,LPG 11.67 kg Cylinder,21,3929.2000572511515,974.4816844753965,0.24801019807506033
2026-03-11,Ladies Sandal Bata,21,1324.2969850374195,297.0241990981626,0.22428820910573158
2026-03-11,Lawn Printed Gul Ahmed/Al Karam,21,639.1808299147326,171.39623224748118,0.26814983213802834
2026-03-11,"Long Cloth 57"" Gul Ahmed/Al Karam",21,639.5009843962929,175.45683113817168,0.27436522447859546
2026-03-11,Match Box,21,6.211447040873686,0.737320562303937,0.11870350941609693
2026-03-11,Milk fresh (Un-boiled),21,194.71305121691978,47.5831791419527,0.2443759103181159
2026-03-11,Mustard Oil (Average Quality),21,529.2392078093104,134.04013150033012,0.2532694659096874
2026-03-11,Mutton (Average Quality),21,2075.4178164651803,530.4329800967844,0.2555788891704754
2026-03-11,Onions,21,66.0000438038717,25.25899885498278,0.3827118498594244
2026-03-11,Petrol Super,21,300.80671136929516,73.66454168529646,0.24488995391748353
2026-03-11,Potatoes,21,34.52266052078279,17.817854598231804,0.5161205518185766
2026-03-11,Powdered Milk NIDO 390 gm Polybag,21,1078.776965124446,244.46094318353502,0.2266093465903162
2026-03-11,Pulse Gram,21,248.20154786505287,59.49582274863594,0.23970770231047794
2026-03-11,Pulse Mash (Washed),21,445.32706950032747,105.64214684552653,0.23722372629191552
2026-03-11,Pulse Masoor (Washed),21,253.80193922882677,63.6222292032814,0.2506766866974955
2026-03-11,Pulse Moong (Washed),21,371.7410861291702,82.22986630031188,0.22120198538328686
2026-03-11,Rice Basmati Broken (Average Quality),21,207.08227238283607,61.71326497819136,0.2980132691614526
2026-03-11,Rice IRRI-6/9 (Sindh/Punjab),21,126.76331718346253,66.44181723859879,0.5241407271035563
2026-03-11,Salt Powdered (NATIONAL/SHAN) 800 gm Packet,21,61.36524302234588,12.915757136374468,0.21047349444491328
2026-03-11,Shirting (Average Quality),21,519.6970943476662,180.31798921013225,0.3469674761920131
2026-03-11,Sufi Washing Soap 250 gm Cake,21,127.10975897214567,29.33892144006766,0.23081564843889663
2026-03-11,Sugar Refined,21,145.22006732854047,32.97241071065196,0.22705133882121403
2026-03-11,Tea Lipton Yellow Label 190 gm Packet,21,428.8486376954462,101.133367476596,0.23582532060744824
2026-03-11,Tea Prepared Ordinary,21,61.08353605131168,14.94275017766967,0.24462811329582146
2026-03-11,Telephone Call Charges,21,1.7047619047619047,0.39061002352242635,0.229128784747792
2026-03-11,Toilet Soap LIFEBUOY 115 gm,21,109.51124948494746,25.58841826152336,0.23366017995293295
2026-03-11,Tomatoes,21,62.54695590892976,23.03888759975967,0.3683454656579127
2026-03-11,Vegetable Ghee DALDA/HABIB 2.5 kg Tin,21,1432.9738480925196,329.39107553354944,0.2298653781937564
2026-03-11,Vegetable Ghee DALDA/HABIB or Other superior Quality 1 kg Pouch,21,558.447697149289,126.99013029801563,0.22739843130567616
2026-03-11,Wheat Flour Bag,21,2115.9018321456215,608.6876573352257,0.2876729194558088
2026-03-26,2,21,35.19047619047619,18.890788886700967,0.5368153810835187
2026-03-26,Bananas (Kela) Local,21,199.074898218297,69.06043657060417,0.3469068033623981
2026-03-26,Beef with Bone (Average Quality),21,1146.868425136671,290.26548279235556,0.2530939700059882
2026-03-26,Bread plain (Small Size),21,106.30786384976525,26.30938090706846,0.24748292322239673
2026-03-26,Chicken Farm Broiler (Live),21,422.29976137469765,101.2954006072988,0.2398661090348605
2026-03-26,Chilies Powder NATIONAL 200 gm Packet,21,346.4965382120151,86.4883068250692,0.24960799686878413
2026-03-26,Cigarettes Capstan 20'S Packet,21,234.96325420725168,52.839260377130664,0.2248830803582728
2026-03-26,Cooked Beef at Average Hotel,21,304.2079622659338,83.44267323557573,0.2742948363811446
2026-03-26,Cooked Daal at Average Hotel,21,163.47986910083696,45.037875517995026,0.27549493259145535
2026-03-26,"Cooking Oil DALDA or Other Similar Brand (SN), 5 Litre Tin",21,2832.1164365478726,652.8528358578391,0.23051765366455604
2026-03-26,Curd (Dahi) Loose,21,230.14419755049053,62.103270755868245,0.26984504244233065
2026-03-26,Eggs Hen (Farm),21,222.66654080879886,54.658483017515714,0.2454723678689126
2026-03-26,Electricity Charges for Q1*,21,6.130010465724752,5.482560152563398,0.8943802271168217
2026-03-26,Energy Saver Philips 14 Watt,21,394.35709396783915,139.4802509799932,0.3536902292706523
2026-03-26,Firewood Whole,21,1423.580817251228,427.94677006499575,0.3006129085746688
2026-03-26,Garlic (Lehsun),21,499.6182270734498,138.45079932532892,0.27711318727564155
2026-03-26,Gas Charges for Q1,21,2393.2971329563575,552.464651955893,0.2308383043410295
2026-03-26,Gents Sandal Bata,21,2380.4148892799967,543.4252461691337,0.2282901390914688
2026-03-26,Gents Sponge Chappal Bata,21,570.4761904761905,130.71251625135943,0.229128784747792
2026-03-26,Georgette (Average Quality),21,301.0526737910485,88.78582153504013,0.2949178973134238
2026-03-26,Gur (Average Quality),21,214.26967727707623,57.193813473248106,0.26692443933300786
2026-03-26,Hi-Speed Diesel,21,313.76862100128915,77.44191359726443,0.24681216799224245
2026-03-26,LPG 11.67 kg Cylinder,21,4191.453390584485,1062.5478452574725,0.253503438125863
2026-03-26,Ladies Sandal Bata,21,1324.2969850374195,297.0241990981626,0.22428820910573158
2026-03-26,Lawn Printed Gul Ahmed/Al Karam,21,640.8732108671136,171.57477780304177,0.2677203148668016
2026-03-26,"Long Cloth 57"" Gul Ahmed/Al Karam",21,642.5376510629596,175.8262006325766,0.2736434204932655
2026-03-26,Match Box,21,6.211447040873686,0.737320562303937,0.11870350941609693
2026-03-26,Milk fresh (Un-boiled),21,194.71305121691978,47.5831791419527,0.2443759103181159
2026-03-26,Mustard Oil (Average Quality),21,533.5573030474056,135.10813148142284,0.25322140791580305
2026-03-26,Mutton (Average Quality),21,2120.5882926556565,531.4973795559706,0.25063676027861376
2026-03-26,Onions,21,75.6448057086336,31.88440154907852,0.42150153272770513
2026-03-26,Petrol Super,21,300.80671136929516,73.66454168529646,0.24488995391748353
2026-03-26,Potatoes,21,36.659327187449456,17.734245065982122,0.48375806176970837
2026-03-26,Powdered Milk NIDO 390 gm Polybag,21,1078.776965124446,244.46094318353502,0.2266093465903162
2026-03-26,Pulse Gram,21,248.4115478650529,57.27050822132292,0.23054688364340675
2026-03-26,Pulse Mash (Washed),21,447.5056409288989,106.75232011541921,0.23854966362844207
2026-03-26,Pulse Masoor (Washed),21,251.7409868478744,63.34085956809278,0.2516112308972924
2026-03-26,Pulse Moong (Washed),21,371.760609938694,82.59902173753497,0.22218336082232096
2026-03-26,Rice Basmati Broken (Average Quality),21,207.08227238283607,61.71326497819136,0.2980132691614526
2026-03-26,Rice IRRI-6/9 (Sindh/Punjab),21,126.59903146917681,66.43839799475859,0.5247938884187626
2026-03-26,Salt Powdered (NATIONAL/SHAN) 800 gm Packet,21,61.36619540329826,12.916582789862897,0.21048368250590074
2026-03-26,Shirting (Average Quality),21,521.4680467286186,181.80152575804755,0.34863406664811497
2026-03-26,Sufi Washing Soap 250 gm Cake,21,127.10975897214567,29.33892144006766,0.23081564843889663
2026-03-26,Sugar Refined,21,143.72482923330236,32.63274637038707,0.22705016624104474
2026-03-26,Tea Lipton Yellow Label 190 gm Packet,21,428.5643519811605,101.05515513606755,0.23579925551183012
2026-03-26,Tea Prepared Ordinary,21,61.08353605131168,14.94275017766967,0.24462811329582146
2026-03-26,Telephone Call Charges,21,1.7047619047619047,0.39061002352242635,0.229128784747792
2026-03-26,Toilet Soap LIFEBUOY 115 gm,21,109.51124948494746,25.58841826152336,0.23366017995293295
2026-03-26,Tomatoes,21,87.02933686131071,40.57905243763306,0.46626866182261656
2026-03-26,Vegetable Ghee DALDA/HABIB 2.5 kg Tin,21,1438.6009909496624,329.8249373374726,0.2292678368862693
2026-03-26,Vegetable Ghee DALDA/HABIB or Other superior Quality 1 kg Pouch,21,560.06007810167,127.22296266636428,0.22715949170593977
2026-03-26,Wheat Flour Bag,21,2071.640403574193,579.3519713017342,0.2796585596140047
2026-04-02,2,21,35.19047619047619,18.890788886700967,0.5368153810835187
2026-04-02,Bananas (Kela) Local,21,199.18632678972557,72.67747323618582,0.3648717982179019
2026-04-02,Beef with Bone (Average Quality),21,1151.131282279528,290.8476546240047,0.25266245397141285
2026-04-02,Bread plain (Small Size),21,106.30786384976525,26.30938090706846,0.24748292322239673
2026-04-02,Chicken Farm Broiler (Live),21,431.5373804223167,102.09071393781616,0.23657443959526014
2026-04-02,Chilies Powder NATIONAL 200 gm Packet,21,346.4965382120151,86.4883068250692,0.24960799686878413
2026-04-02,Cigarettes Capstan 20'S Packet,21,234.9727780167755,52.839824724160174,0.22487636725471136
2026-04-02,Cooked Beef at Average Hotel,21,304.2079622659338,83.44267323557573,0.2742948363811446
2026-04-02,Cooked Daal at Average Hotel,21,163.47986910083696,45.037875517995026,0.27549493259145535
2026-04-02,"Cooking Oil DALDA or Other Similar Brand (SN), 5 Litre Tin",21,2832.1164365478726,652.8528358578391,0.23051765366455604
2026-04-02,Curd (Dahi) Loose,21,231.77134040763335,64.60030578081827,0.2787243050292627
2026-04-02,Eggs Hen (Farm),21,226.34130271356076,54.430441267226826,0.24047949099289928
2026-04-02,Electricity Charges for Q1*,21,6.130010465724752,5.482560152563398,0.8943802271168217
2026-04-02,Energy Saver Philips 14 Watt,21,394.35709396783915,139.4802509799932,0.3536902292706523
2026-04-02,Firewood Whole,21,1421.8846267750373,429.2702453290621,0.30190230434004045
2026-04-02,Garlic (Lehsun),21,483.43156040678315,136.12434533115868,0.28157935161828684
2026-04-02,Gas Charges for Q1,21,2393.2971329563575,552.464651955893,0.2308383043410295
2026-04-02,Gents Sandal Bata,21,2380.4148892799967,543.4252461691337,0.2282901390914688
2026-04-02,Gents Sponge Chappal Bata,21,570.4761904761905,130.71251625135943,0.229128784747792
2026-04-02,Georgette (Average Quality),21,302.48029283866754,90.4721481378333,0.2991009671697455
2026-04-02,Gur (Average Quality),21,214.65777251517144,58.05338998561889,0.27044625174947173
2026-04-02,Hi-Speed Diesel,21,313.76862100128915,77.44191359726443,0.24681216799224245
2026-04-02,LPG 11.67 kg Cylinder,21,4711.893866774961,1273.6068969275852,0.27029617664102884
2026-04-02,Ladies Sandal Bata,21,1324.2969850374195,297.0241990981626,0.22428820910573158
2026-04-02,Lawn Printed Gul Ahmed/Al Karam,21,641.7051156290183,171.86352316582128,0.26782320879171356
2026-04-02,"Long Cloth 57"" Gul Ahmed/Al Karam",21,642.6328891581977,175.81939533187162,0.27359227686305043
2026-04-02,Match Box,21,6.211447040873686,0.737320562303937,0.11870350941609693
2026-04-02,Milk fresh (Un-boiled),21,195.93305121691978,48.32691093001304,0.2466501217117767
2026-04-02,Mustard Oil (Average Quality),21,532.058255428358,134.47607059042994,0.2527468923156991
2026-04-02,Mutton (Average Quality),21,2151.74781646518,547.1380331686898,0.25427609545225893
2026-04-02,Onions,21,74.08575808958598,28.34925598813073,0.3826545981192531
2026-04-02,Petrol Super,21,300.766235178819,73.69017727576093,0.24500814472059612
2026-04-02,Potatoes,21,36.58123194935422,18.126287096632037,0.495507836415335
2026-04-02,Powdered Milk NIDO 390 gm Polybag,21,1078.7702984577793,244.46214106284157,0.2266118574198113
2026-04-02,Pulse Gram,21,248.47154786505286,57.228962483148514,0.2303240068123618
2026-04-02,Pulse Mash (Washed),21,454.6399266431846,109.0832066513561,0.23993318725165103
2026-04-02,Pulse Masoor (Washed),21,252.46812970501725,63.97854957199887,0.2534123797991895
2026-04-02,Pulse Moong (Washed),21,372.2944194625035,82.68823140579559,0.22210440738052406
2026-04-02,Rice Basmati Broken (Average Quality),21,207.08227238283607,61.71326497819136,0.2980132691614526
2026-04-02,Rice IRRI-6/9 (Sindh/Punjab),21,126.59903146917681,66.43839799475859,0.5247938884187626
2026-04-02,Salt Powdered (NATIONAL/SHAN) 800 gm Packet,21,61.36619540329826,12.916582789862897,0.21048368250590074
2026-04-02,Shirting (Average Quality),21,523.0209038714756,181.15119684672405,0.3463555576953367
2026-04-02,Sufi Washing Soap 250 gm Cake,21,127.10975897214567,29.33892144006766,0.23081564843889663
2026-04-02,Sugar Refined,21,143.51816256663568,32.545565979017724,0.22676966731584772
2026-04-02,Tea Lipton Yellow Label 190 gm Packet,21,428.5643519811605,101.05515513606755,0.23579925551183012
2026-04-02,Tea Prepared Ordinary,21,61.08353605131168,14.94275017766967,0.24462811329582146
2026-04-02,Telephone Call Charges,21,1.7047619047619047,0.39061002352242635,0.229128784747792
2026-04-02,Toilet Soap LIFEBUOY 115 gm,21,109.51124948494746,25.58841826152336,0.23366017995293295
2026-04-02,Tomatoes,21,80.58933686131071,31.2442064781383,0.38769653275479427
2026-04-02,Vegetable Ghee DALDA/HABIB 2.5 kg Tin,21,1438.6009909496624,329.8249373374726,0.2292678368862693
2026-04-02,Vegetable Ghee DALDA/HABIB or Other superior Quality 1 kg Pouch,21,560.06007810167,127.22296266636428,0.22715949170593977
2026-04-02,Wheat Flour Bag,21,2049.680879764669,554.8678681242874,0.2707093936437528
2026-04-09,2,21,35.19047619047619,18.890788886700967,0.5368153810835187
2026-04-09,Bananas (Kela) Local,21,193.25251726591603,72.68722940713299,0.37612565381032087
2026-04-09,Beef with Bone (Average Quality),21,1161.463187041433,289.7126511991768,0.24943765280857053
2026-04-09,Bread plain (Small Size),21,106.80929242119382,26.663092392604394,0.24963270318710326
2026-04-09,Chicken Farm Broiler (Live),21,425.5964280413643,100.21168524443371,0.2354617629325921
2026-04-09,Chilies Powder NATIONAL 200 gm Packet,21,346.4965382120151,86.4883068250692,0.24960799686878413
2026-04-09,Cigarettes Capstan 20'S Packet,21,234.97944468344218,52.84024121179868,0.2248717596681003
2026-04-09,Cooked Beef at Average Hotel,21,305.52843845641,83.46165815569168,0.27317148798768603
2026-04-09,Cooked Daal at Average Hotel,21,164.467488148456,44.30773941093022,0.2694012045160925
2026-04-09,"Cooking Oil DALDA or Other Similar Brand (SN), 5 Litre Tin",21,2830.189769881206,651.9723775155115,0.23036348461639636
2026-04-09,Curd (Dahi) Loose,21,232.49895945525242,64.54444226949349,0.277611746825542
2026-04-09,Eggs Hen (Farm),21,233.1555884278465,56.193812296624436,0.241014220055954
2026-04-09,Electricity Charges for Q1*,21,6.130010465724752,5.482560152563398,0.8943802271168217
2026-04-09,Energy Saver Philips 14 Watt,21,394.35709396783915,139.4802509799932,0.3536902292706523
2026-04-09,Firewood Whole,21,1425.8170077274183,431.4473220174307,0.302596560203126
2026-04-09,Garlic (Lehsun),21,463.9353699305927,134.66612500095545,0.2902691489573262
2026-04-09,Gas Charges for Q1,21,2393.2971329563575,552.464651955893,0.2308383043410295
2026-04-09,Gents Sandal Bata,21,2380.4148892799967,543.4252461691337,0.2282901390914688
2026-04-09,Gents Sponge Chappal Bata,21,570.4761904761905,130.71251625135943,0.229128784747792
2026-04-09,Georgette (Average Quality),21,304.1007690291437,90.206600517401,0.2966339112044665
2026-04-09,Gur (Average Quality),21,214.6463439437429,57.87884888471663,0.2696474946709841
2026-04-09,Hi-Speed Diesel,21,472.0762400489082,135.294345089731,0.28659426934029597
2026-04-09,LPG 11.67 kg Cylinder,21,5079.70767629877,1366.3107722676027,0.268974291304719
2026-04-09,Ladies Sandal Bata,21,1324.2969850374195,297.0241990981626,0.22428820910573158
2026-04-09,Lawn Printed Gul Ahmed/Al Karam,21,642.8413061052088,172.50744840104693,0.2683515305608162
2026-04-09,"Long Cloth 57"" Gul Ahmed/Al Karam",21,643.9519367772454,176.22099378605367,0.27365550706777625
2026-04-09,Match Box,21,6.211447040873686,0.737320562303937,0.11870350941609693
2026-04-09,Milk fresh (Un-boiled),21,196.0906702645388,48.437947098656366,0.247018111740403
2026-04-09,Mustard Oil (Average Quality),21,532.9234935235961,134.5692081700693,0.2525113075430798
2026-04-09,Mutton (Average Quality),21,2171.92162598899,549.4134421270716,0.2529619096531141
2026-04-09,Onions,21,77.33909142291931,32.6803625920192,0.4225594326329832
2026-04-09,Petrol Super,21,350.18766375024757,90.30784756463021,0.25788414873756776
2026-04-09,Potatoes,21,37.589327187449456,17.88167531478028,0.47571150251262595
2026-04-09,Powdered Milk NIDO 390 gm Polybag,21,1079.8674413149222,244.95471303245114,0.22683776143317844
2026-04-09,Pulse Gram,21,248.76345262695764,57.48627239825885,0.23108809510078837
2026-04-09,Pulse Mash (Washed),21,454.33468854794654,108.81555257641811,0.23950527071615987
2026-04-09,Pulse Masoor (Washed),21,252.62717732406486,64.32990392549067,0.2546436397180245
2026-04-09,Pulse Moong (Washed),21,372.78965755774163,82.69450956966779,0.22182619043517637
2026-04-09,Rice Basmati Broken (Average Quality),21,207.0203676209313,61.71859562456606,0.29812813267522115
2026-04-09,Rice IRRI-6/9 (Sindh/Punjab),21,126.5099838501292,66.39536163048062,0.5248230978286763
2026-04-09,Salt Powdered (NATIONAL/SHAN) 800 gm Packet,21,61.375243022345884,12.924497371361825,0.21058160807047546
2026-04-09,Shirting (Average Quality),21,523.5232848238566,181.63059347054883,0.3469389017370256
2026-04-09,Sufi Washing Soap 250 gm Cake,21,127.58023516262186,29.461094245867507,0.2309220876440189
2026-04-09,Sugar Refined,21,143.6572101856833,32.66749072813457,0.22739889411683817
2026-04-09,Tea Lipton Yellow Label 190 gm Packet,21,428.5643519811605,101.05515513606755,0.23579925551183012
2026-04-09,Tea Prepared Ordinary,21,61.34734557512121,15.140151210002001,0.2467939088165199
2026-04-09,Telephone Call Charges,21,1.7047619047619047,0.39061002352242635,0.229128784747792
2026-04-09,Toilet Soap LIFEBUOY 115 gm,21,109.51124948494746,25.58841826152336,0.23366017995293295
2026-04-09,Tomatoes,21,87.73886067083451,36.820319248680136,0.41965805080165197
2026-04-09,Vegetable Ghee DALDA/HABIB 2.5 kg Tin,21,1435.3686099972815,328.71071673324207,0.2290078760562171
2026-04-09,Vegetable Ghee DALDA/HABIB or Other superior Quality 1 kg Pouch,21,561.3938876254795,127.58114772804892,0.2272578140593537
2026-04-09,Wheat Flour Bag,21,2030.3246892884788,545.401025871998,0.268627490346449
2026-05-21,2,21,35.19047619047619,18.890788886700967,0.5368153810835187
2026-05-21,Bananas (Kela) Local,21,189.7139458373446,66.40781413015598,0.3500418160459968
2026-05-21,Beef with Bone (Average Quality),21,1178.5889013271471,292.1780433260037,0.24790496753956986
2026-05-21,Bread plain (Small Size),21,111.73072099262241,27.910766231342752,0.2498038675789598
2026-05-21,Chicken Farm Broiler (Live),21,356.6002375651738,90.19191591301689,0.2529216372059568
2026-05-21,Chilies Powder NATIONAL 200 gm Packet,21,346.4965382120151,86.4883068250692,0.24960799686878413
2026-05-21,Cigarettes Capstan 20'S Packet,21,235.73563515963264,52.9976981379915,0.2248183568093265
2026-05-21,Cooked Beef at Average Hotel,21,307.61843845641005,82.74204363993162,0.26897621629938895
2026-05-21,Cooked Daal at Average Hotel,21,165.94367862464648,43.61912485606044,0.2628549952464534
2026-05-21,"Cooking Oil DALDA or Other Similar Brand (SN), 5 Litre Tin",21,2863.0992936907296,659.7262298495493,0.23042380377912683
2026-05-21,Curd (Dahi) Loose,21,239.1489594552524,64.9811754209431,0.2717184116918637
2026-05-21,Eggs Hen (Farm),21,230.97463604689412,58.46735956476414,0.2531332468595975
2026-05-21,Electricity Charges for Q1*,21,5.629534275248561,5.372678250915222,0.9543734860159462
2026-05-21,Energy Saver Philips 14 Watt,21,394.4523320630772,139.47125679092022,0.3535820312214994
2026-05-21,Firewood Whole,21,1428.416055346466,440.32136425216055,0.30825848155659347
2026-05-21,Garlic (Lehsun),21,397.05394135916407,118.00916467695114,0.29721192106289485
2026-05-21,Gas Charges for Q1,21,2393.2971329563575,552.464651955893,0.2308383043410295
2026-05-21,Gents Sandal Bata,21,2380.4148892799967,543.4252461691337,0.2282901390914688
2026-05-21,Gents Sponge Chappal Bata,21,656.1904761904761,153.3158892768845,0.23364540455838712
2026-05-21,Georgette (Average Quality),21,307.6321976005723,93.72941873629102,0.3046801325327745
2026-05-21,Gur (Average Quality),21,214.41348680088572,56.609378391189956,0.26401967169052215
2026-05-21,Hi-Speed Diesel,21,376.9990971917653,99.61331891535838,0.2642269428690139
2026-05-21,LPG 11.67 kg Cylinder,21,4384.498628679723,1133.011372759114,0.2584129837213088
2026-05-21,Ladies Sandal Bata,21,1410.0112707517053,320.86700021797765,0.22756342936671492
2026-05-21,Lawn Printed Gul Ahmed/Al Karam,21,651.0736870575897,179.2403230384855,0.27529959603885984
2026-05-21,"Long Cloth 57"" Gul Ahmed/Al Karam",21,657.2886034439119,178.86785726048544,0.27212986247334
2026-05-21,Match Box,21,6.211447040873686,0.737320562303937,0.11870350941609693
2026-05-21,Milk fresh (Un-boiled),21,202.6068607407293,50.16542187597139,0.24759981815308202
2026-05-21,Mustard Oil (Average Quality),21,526.9015887616913,134.2525128361079,0.2547961814873708
2026-05-21,Mutton (Average Quality),21,2220.9901974175614,573.2307964636623,0.25809695023876367
2026-05-21,Onions,21,69.70813904196693,26.74978781683602,0.3837398069217088
2026-05-21,Petrol Super,21,376.8243304169142,100.06031095240623,0.2655356962797509
2026-05-21,Potatoes,21,38.70361290173518,16.223192415763194,0.4191648065763873
2026-05-21,Powdered Milk NIDO 390 gm Polybag,21,1086.2798222673032,246.18355522071602,0.22662996234881466
2026-05-21,Pulse Gram,21,245.88440500791,58.03579109374682,0.23602875949729238
2026-05-21,Pulse Mash (Washed),21,445.7323075955655,107.57216164127912,0.2413380403622987
2026-05-21,Pulse Masoor (Washed),21,250.8067011335887,64.0054661941827,0.2551983894564726
2026-05-21,Pulse Moong (Washed),21,370.0491813672654,82.73153556519172,0.22356902739120654
2026-05-21,Rice Basmati Broken (Average Quality),21,207.26417714474087,61.64654233944264,0.29742979799346797
2026-05-21,Rice IRRI-6/9 (Sindh/Punjab),21,125.52284099298633,65.87305218366755,0.524789366322168
2026-05-21,Salt Powdered (NATIONAL/SHAN) 800 gm Packet,21,61.36381445091731,12.928114363356233,0.21067977079060107
2026-05-21,Shirting (Average Quality),21,526.2118562524281,182.39679890613604,0.34662236652197137
2026-05-21,Sufi Washing Soap 250 gm Cake,21,130.64499706738377,30.51000502864149,0.23353366537951017
2026-05-21,Sugar Refined,21,143.38482923330236,32.704327446785804,0.22808778042740063
2026-05-21,Tea Lipton Yellow Label 190 gm Packet,21,428.31959007639864,101.00123064935134,0.23580810448416784
2026-05-21,Tea Prepared Ordinary,21,62.09686938464502,15.534602392349445,0.25016723944847946
2026-05-21,Telephone Call Charges,21,1.7047619047619047,0.39061002352242635,0.229128784747792
2026-05-21,Toilet Soap LIFEBUOY 115 gm,21,110.06267805637601,25.688082549700667,0.23339503456878258
2026-05-21,Tomatoes,21,67.13743209940596,25.480564193796454,0.3795284299236984
2026-05-21,Vegetable Ghee DALDA/HABIB 2.5 kg Tin,21,1443.377181425853,331.04988668659075,0.22935784973374748
2026-05-21,Vegetable Ghee DALDA/HABIB or Other superior Quality 1 kg Pouch,21,565.2672209588129,128.6782994408689,0.22764153778915971
2026-05-21,Wheat Flour Bag,21,2230.6994511932407,596.2349312869777,0.26728608866068493
2026-06-04,2,21,35.19047619047619,18.890788886700967,0.5368153810835187
2026-06-04,Bananas (Kela) Local,21,193.634898218297,72.41272572254319,0.3739652634356628
2026-06-04,Beef with Bone (Average Quality),21,1178.3627108509568,292.127419364743,0.24790959241554975
2026-06-04,Bread plain (Small Size),21,111.73072099262241,27.910766231342752,0.2498038675789598
2026-06-04,Chicken Farm Broiler (Live),21,323.0326185175548,83.4874060655412,0.2584488416330135
2026-06-04,Chilies Powder NATIONAL 200 gm Packet,21,346.4965382120151,86.4883068250692,0.24960799686878413
2026-06-04,Cigarettes Capstan 20'S Packet,21,237.02468277868024,53.512877259554635,0.22576921792369542
2026-06-04,Cooked Beef at Average Hotel,21,307.61843845641005,82.74204363993162,0.26897621629938895
2026-06-04,Cooked Daal at Average Hotel,21,166.46272624369408,43.80105834971736,0.26312832510981793
2026-06-04,"Cooking Oil DALDA or Other Similar Brand (SN), 5 Litre Tin",21,2879.5821508335866,663.659999443328,0.23047093803217614
2026-06-04,Curd (Dahi) Loose,21,239.2141975504905,65.13405229089071,0.2722833885189569
2026-06-04,Eggs Hen (Farm),21,232.47225509451314,58.86976000592793,0.2532334879359863
2026-06-04,Electricity Charges for Q1*,21,5.606200941915228,5.377295054270128,0.9591691610741838
2026-06-04,Energy Saver Philips 14 Watt,21,394.4523320630772,139.47125679092022,0.3535820312214994
2026-06-04,Firewood Whole,21,1428.3155791559898,440.2442558618157,0.3082261807449876
2026-06-04,Garlic (Lehsun),21,364.58298897821174,113.42996202123774,0.3111224754044039
2026-06-04,Gas Charges for Q1,21,2393.2971329563575,552.464651955893,0.2308383043410295
2026-06-04,Gents Sandal Bata,21,2380.4148892799967,543.4252461691337,0.2282901390914688
2026-06-04,Gents Sponge Chappal Bata,21,656.1904761904761,153.3158892768845,0.23364540455838712
2026-06-04,Georgette (Average Quality),21,307.6321976005723,93.72941873629102,0.3046801325327745
2026-06-04,Gur (Average Quality),21,215.4268201342191,56.253566778098374,0.2611261065035926
2026-06-04,Hi-Speed Diesel,21,352.2819543346225,90.74308373422869,0.2575865230043388
2026-06-04,LPG 11.67 kg Cylinder,21,4404.942438203532,1143.1976068597132,0.25952611705998674
2026-06-04,Ladies Sandal Bata,21,1410.0112707517053,320.86700021797765,0.22756342936671492
2026-06-04,Lawn Printed Gul Ahmed/Al Karam,21,651.0736870575897,179.2403230384855,0.27529959603885984
2026-06-04,"Long Cloth 57"" Gul Ahmed/Al Karam",21,657.2886034439119,178.86785726048544,0.27212986247334
2026-06-04,Match Box,21,6.211447040873686,0.737320562303937,0.11870350941609693
2026-06-04,Milk fresh (Un-boiled),21,203.87257502644357,50.98243012901224,0.2500700750083698
2026-06-04,Mustard Oil (Average Quality),21,526.8301601902627,134.29196075707853,0.2549056050788351
2026-06-04,Mutton (Average Quality),21,2220.9901974175614,573.2307964636623,0.25809695023876367
2026-06-04,Onions,21,87.43718666101456,31.033638565625797,0.3549249438450048
2026-06-04,Petrol Super,21,352.87956851215233,91.33749265644869,0.2588347436536362
2026-06-04,Potatoes,21,46.66361290173517,19.19453773586307,0.4113384400021312
2026-06-04,Powdered Milk NIDO 390 gm Polybag,21,1088.4002984577794,246.54044328936578,0.2265163319402833
2026-06-04,Pulse Gram,21,245.25297643648142,58.466792983493235,0.23839381618528765
2026-06-04,Pulse Mash (Washed),21,444.6942123574703,108.07547754660304,0.24303324519035088
2026-06-04,Pulse Masoor (Washed),21,251.03432018120773,64.31179369789362,0.25618725619457333
2026-06-04,Pulse Moong (Washed),21,369.70584803393206,82.5286601131614,0.223227900105023
2026-06-04,Rice Basmati Broken (Average Quality),21,207.37322476378847,61.635037315557504,0.2972179141534005
2026-06-04,Rice IRRI-6/9 (Sindh/Punjab),21,125.86807908822443,66.03266373896142,0.5246180303798653
2026-06-04,Salt Powdered (NATIONAL/SHAN) 800 gm Packet,21,61.36381445091731,12.928114363356233,0.21067977079060107
2026-06-04,Shirting (Average Quality),21,526.2480467286185,182.39098205473908,0.34658747559930897
2026-06-04,Sufi Washing Soap 250 gm Cake,21,131.483092305479,30.871413770665082,0.23479379157694671
2026-06-04,Sugar Refined,21,143.79816256663568,32.838931397130054,0.22836822676306856
2026-06-04,Tea Lipton Yellow Label 190 gm Packet,21,428.31959007639864,101.00123064935134,0.23580810448416784
2026-06-04,Tea Prepared Ordinary,21,62.31401224178787,15.63200596460871,0.25085860149646827
2026-06-04,Telephone Call Charges,21,1.7047619047619047,0.39061002352242635,0.229128784747792
2026-06-04,Toilet Soap LIFEBUOY 115 gm,21,110.12124948494746,25.70397767927066,0.2334152381987289
2026-06-04,Tomatoes,21,72.54838448035832,23.74785758202729,0.3273381999079078
2026-06-04,Vegetable Ghee DALDA/HABIB 2.5 kg Tin,21,1455.1590861877576,334.5555600771815,0.22990995503704958
2026-06-04,Vegetable Ghee DALDA/HABIB or Other superior Quality 1 kg Pouch,21,567.5467447683366,129.38802176023094,0.22797773567187854
2026-06-04,Wheat Flour Bag,21,2244.080403574193,604.5835688118761,0.26941261456093263
2026-06-11,2,21,35.19047619047619,18.890788886700967,0.5368153810835187
2026-06-11,Bananas (Kela) Local,21,192.50013631353508,69.00817469845833,0.3584837705572379
2026-06-11,Beef with Bone (Average Quality),21,1178.3627108509568,292.127419364743,0.24790959241554975
2026-06-11,Bread plain (Small Size),21,111.83500670690812,27.938762668335265,0.24982126340418478
2026-06-11,Chicken Farm Broiler (Live),21,305.78928518422146,85.07708524641093,0.2782212764425562
2026-06-11,Chilies Powder NATIONAL 200 gm Packet,21,346.4965382120151,86.4883068250692,0.24960799686878413
2026-06-11,Cigarettes Capstan 20'S Packet,21,238.03134944534693,53.94467542339432,0.22662844851778763
2026-06-11,Cooked Beef at Average Hotel,21,307.61843845641005,82.74204363993162,0.26897621629938895
2026-06-11,Cooked Daal at Average Hotel,21,166.46272624369408,43.80105834971736,0.26312832510981793
2026-06-11,"Cooking Oil DALDA or Other Similar Brand (SN), 5 Litre Tin",21,2886.2969127383485,665.2733639477865,0.23049373784508342
2026-06-11,Curd (Dahi) Loose,21,239.24229278858573,65.13073994948532,0.2722375679915433
2026-06-11,Eggs Hen (Farm),21,213.35368366594173,59.225923764870934,0.2775950372509333
2026-06-11,Electricity Charges for Q1*,21,5.606200941915228,5.377295054270128,0.9591691610741838
2026-06-11,Energy Saver Philips 14 Watt,21,394.4523320630772,139.47125679092022,0.3535820312214994
2026-06-11,Firewood Whole,21,1428.3155791559898,440.2442558618157,0.3082261807449876
2026-06-11,Garlic (Lehsun),21,360.0377508829736,111.50212661706028,0.30969565370188873
2026-06-11,Gas Charges for Q1,21,2393.2971329563575,552.464651955893,0.2308383043410295
2026-06-11,Gents Sandal Bata,21,2380.4148892799967,543.4252461691337,0.2282901390914688
2026-06-11,Gents Sponge Chappal Bata,21,656.1904761904761,153.3158892768845,0.23364540455838712
2026-06-11,Georgette (Average Quality),21,307.6321976005723,93.72941873629102,0.3046801325327745
2026-06-11,Gur (Average Quality),21,215.65443918183814,56.214014571825736,0.2606670875178531
2026-06-11,Hi-Speed Diesel,21,352.2819543346225,90.74308373422869,0.2575865230043388
2026-06-11,LPG 11.67 kg Cylinder,21,4862.551009632104,1333.071917280789,0.27415073171266285
2026-06-11,Ladies Sandal Bata,21,1410.0112707517053,320.86700021797765,0.22756342936671492
2026-06-11,Lawn Printed Gul Ahmed/Al Karam,21,651.0736870575897,179.2403230384855,0.27529959603885984
2026-06-11,"Long Cloth 57"" Gul Ahmed/Al Karam",21,657.2886034439119,178.86785726048544,0.27212986247334
2026-06-11,Match Box,21,6.211447040873686,0.737320562303937,0.11870350941609693
2026-06-11,Milk fresh (Un-boiled),21,204.25971788358643,51.039460614231494,0.2498753114078047
2026-06-11,Mustard Oil (Average Quality),21,526.2592078093104,134.91861026224828,0.2563729209107462
2026-06-11,Mutton (Average Quality),21,2221.0930545604183,573.1953766589113,0.2580690509485897
2026-06-11,Onions,21,83.33242475625265,28.101692615042218,0.3372239881083464
2026-06-11,Petrol Super,21,349.45337803596186,90.1239980525368,0.25789991946582996
2026-06-11,Potatoes,21,47.412660520782794,19.542790866369646,0.41218507149168077
2026-06-11,Powdered Milk NIDO 390 gm Polybag,21,1088.7664889339699,246.49452742924097,0.22639797416118862
2026-06-11,Pulse Gram,21,244.88345262695765,58.22669401787525,0.23777308508702988
2026-06-11,Pulse Mash (Washed),21,443.57659330985126,108.08055006511069,0.2436570181907981
2026-06-11,Pulse Masoor (Washed),21,251.0857487526363,64.25780135452817,0.2559197472327807
2026-06-11,Pulse Moong (Washed),21,369.68870517678926,82.53347188887372,0.22325126716923985
2026-06-11,Rice Basmati Broken (Average Quality),21,207.397034287598,61.63306392200441,0.29717427799154394
2026-06-11,Rice IRRI-6/9 (Sindh/Punjab),21,125.8847457548911,66.04448478887541,0.5246424766783893
2026-06-11,Salt Powdered (NATIONAL/SHAN) 800 gm Packet,21,61.36381445091731,12.928114363356233,0.21067977079060107
2026-06-11,Shirting (Average Quality),21,526.2480467286185,182.39098205473908,0.34658747559930897
2026-06-11,Sufi Washing Soap 250 gm Cake,21,131.483092305479,30.871413770665082,0.23479379157694671
2026-06-11,Sugar Refined,21,143.8134006618738,32.8551005217418,0.22845646073684686
2026-06-11,Tea Lipton Yellow Label 190 gm Packet,21,428.31959007639864,101.00123064935134,0.23580810448416784
2026-06-11,Tea Prepared Ordinary,21,62.31401224178787,15.63200596460871,0.25085860149646827
2026-06-11,Telephone Call Charges,21,1.7047619047619047,0.39061002352242635,0.229128784747792
2026-06-11,Toilet Soap LIFEBUOY 115 gm,21,110.12124948494746,25.70397767927066,0.2334152381987289
2026-06-11,Tomatoes,21,96.55600352797738,32.6327647744123,0.3379672271228258
2026-06-11,Vegetable Ghee DALDA/HABIB 2.5 kg Tin,21,1460.3238480925197,335.9641168130231,0.230061377996299
2026-06-11,Vegetable Ghee DALDA/HABIB or Other superior Quality 1 kg Pouch,21,568.8291257207176,129.7437909512917,0.22808921886147054
2026-06-11,Wheat Flour Bag,21,2239.0442130980027,600.6015702362649,0.26824015654664374
2026-07-30,2,21,35.19047619047619,18.890788886700967,0.5368153810835187
2026-07-30,Bananas (Kela) Local,21,178.84197413349102,53.336394519193114,0.2982319714240116
2026-07-30,Beef with Bone (Average Quality),21,1196.7126786905026,297.0890778974545,0.24825430797853906
2026-07-30,Bread plain (Small Size),21,113.31344578113479,27.03420640013999,0.23857898075358708
2026-07-30,Chicken Farm Broiler (Live),21,316.01610892120885,80.77871447316463,0.25561581258917687
2026-07-30,Chilies Powder NATIONAL 200 gm Packet,21,348.55165215795773,81.93100742531514,0.23506130846909712
2026-07-30,Cigarettes Capstan 20'S Packet,21,239.6071980026731,54.52478016486533,0.22755902418364343
2026-07-30,Cooked Beef at Average Hotel,21,309.67255025600605,83.00724478437387,0.26804844251049004
2026-07-30,Cooked Daal at Average Hotel,21,168.2330952824856,44.97640999411287,0.26734579137708625
2026-07-30,"Cooking Oil DALDA or Other Similar Brand (SN), 5 Litre Tin",21,2913.9983483900173,668.5084694797985,0.22941278256013736
2026-07-30,Curd (Dahi) Loose,21,242.53209893084062,65.56088630796354,0.270318389182203
2026-07-30,Eggs Hen (Farm),21,255.02013037435245,59.853692827151264,0.23470183604443326
2026-07-30,Electricity Charges for Q1*,21,5.988756657921933,1.3050105353134012,0.2179100955099139
2026-07-30,Energy Saver Philips 14 Watt,21,395.14538816041306,140.00580039223405,0.3543146512326176
2026-07-30,Firewood Whole,21,1441.734509720528,439.0777789692146,0.3045482895837232
2026-07-30,Garlic (Lehsun),21,361.60920408276945,114.17235647146072,0.31573409963682114
2026-07-30,Gas Charges for Q1,21,2444.1382906291788,553.5885101325821,0.22649639435503274
2026-07-30,Gents Sandal Bata,21,2380.0,545.326507699745,0.229128784747792
2026-07-30,Gents Sponge Chappal Bata,21,656.9117592813419,152.6350167762911,0.23235238922084914
2026-07-30,Georgette (Average Quality),21,308.2425025166653,94.96866504247,0.3080972424863293
2026-07-30,Gur (Average Quality),21,220.71101474453206,54.37167208302246,0.24634779621649797
2026-07-30,Hi-Speed Diesel,21,365.31144533164274,84.91571244814848,0.23244744596233216
2026-07-30,LPG 11.67 kg Cylinder,21,4249.860668250362,1061.8146502697268,0.24984693220704302
2026-07-30,Ladies Sandal Bata,21,1419.6502621315651,322.11350858107875,0.22689638228040357
2026-07-30,Lawn Printed Gul Ahmed/Al Karam,21,655.3608869218782,181.80209540895322,0.27740760707104084
2026-07-30,"Long Cloth 57"" Gul Ahmed/Al Karam",21,662.0889027073976,182.06429013430213,0.2749846574830198
2026-07-30,Match Box,21,6.050073495636196,1.4479177257162874,0.2393223366229589
2026-07-30,Milk fresh (Un-boiled),21,207.56028370439086,51.602812552985554,0.24861602437621796
2026-07-30,Mustard Oil (Average Quality),21,527.2341632632697,134.86377009817204,0.2557948241886386
2026-07-30,Mutton (Average Quality),21,2252.435941197482,582.4117709778783,0.2585697379115011
2026-07-30,Onions,21,100.42678211276221,32.84794941613371,0.327083560033329
2026-07-30,Petrol Super,21,316.558026739099,71.08276077536361,0.22454891290420081
2026-07-30,Potatoes,21,55.52604860856321,24.731328032882196,0.44540046793583904
2026-07-30,Powdered Milk NIDO 390 gm Polybag,21,1096.6354898861691,250.9451945274008,0.22883191073220593
2026-07-30,Pulse Gram,21,241.2056177591422,65.69953935453088,0.2723798059302901
2026-07-30,Pulse Mash (Washed),21,432.17487684729065,105.61155601677316,0.24437227075115497
2026-07-30,Pulse Masoor (Washed),21,248.84559308214563,63.69050126222408,0.25594385849219925
2026-07-30,Pulse Moong (Washed),21,350.10322699525636,88.8611598903234,0.25381416976064436
2026-07-30,Rice Basmati Broken (Average Quality),21,209.94548151188215,60.48466498649003,0.288097007617984
2026-07-30,Rice IRRI-6/9 (Sindh/Punjab),21,126.37969169354429,66.19224624661211,0.5237569846832705
2026-07-30,Salt Powdered (NATIONAL/SHAN) 800 gm Packet,21,59.933365696439395,15.667657510758158,0.26141794856164674
2026-07-30,Shirting (Average Quality),21,536.09700842272,191.22262938442174,0.3566940803251788
2026-07-30,Sufi Washing Soap 250 gm Cake,21,134.6281772079959,31.101965568516935,0.23102121868934963
2026-07-30,Sugar Refined,21,143.79429327686609,31.840164222191547,0.22142856643751144
2026-07-30,Tea Lipton Yellow Label 190 gm Packet,21,434.8689328700716,102.97000361074775,0.23678399588391089
2026-07-30,Tea Prepared Ordinary,21,62.730444939255435,16.509594532347702,0.26318312500946944
2026-07-30,Telephone Call Charges,21,1.7047619047619047,0.39061002352242635,0.229128784747792
2026-07-30,Toilet Soap LIFEBUOY 115 gm,21,114.45640710653193,25.958100508891008,0.2267946475441094
2026-07-30,Tomatoes,21,247.58472275289512,103.43549158120192,0.41777816672653484
2026-07-30,Vegetable Ghee DALDA/HABIB 2.5 kg Tin,21,1479.4995228796295,338.96903902992585,0.2291106105733459
2026-07-30,Vegetable Ghee DALDA/HABIB or Other superior Quality 1 kg Pouch,21,577.440658684448,131.46561351910097,0.22766947831247633
2026-07-30,Wheat Flour Bag,21,2439.659200286359,662.9830459269789,0.2717523192785124
2026-08-13,2,21,35.19047619047619,18.890788886700967,0.5368153810835187
2026-08-13,Bananas (Kela) Local,21,175.99483127634818,52.48153203822967,0.2981992803858134
2026-08-13,Beef with Bone (Average Quality),21,1200.356012023836,297.6482147680917,0.24796661306027695
2026-08-13,Bread plain (Small Size),21,112.97487435256335,26.80086786827807,0.23722856982022364
2026-08-13,Chicken Farm Broiler (Live),21,350.5142041593041,86.67576795864942,0.24728175614605455
2026-08-13,Chilies Powder NATIONAL 200 gm Packet,21,351.58689025319586,81.97513600514912,0.23315754448669743
2026-08-13,Cigarettes Capstan 20'S Packet,21,239.62100752648263,54.52564734184015,0.22754952875245732
2026-08-13,Cooked Beef at Average Hotel,21,309.67255025600605,83.00724478437387,0.26804844251049004
2026-08-13,Cooked Daal at Average Hotel,21,168.24595242534275,44.97612948903542,0.2673236939176476
2026-08-13,"Cooking Oil DALDA or Other Similar Brand (SN), 5 Litre Tin",21,2915.350729342398,668.8519093310885,0.22942416588139233
2026-08-13,Curd (Dahi) Loose,21,243.22209893084064,65.46822811207687,0.26917055810250423
2026-08-13,Eggs Hen (Farm),21,254.86870180292385,60.16201442241744,0.23605100978203855
2026-08-13,Electricity Charges for Q1*,21,5.988756657921933,1.3050105353134012,0.2179100955099139
2026-08-13,Energy Saver Philips 14 Watt,21,395.14538816041306,140.00580039223405,0.3543146512326176
2026-08-13,Firewood Whole,21,1445.5740335300518,438.3200959315279,0.30321525274022965
2026-08-13,Garlic (Lehsun),21,362.35920408276945,112.07834347373242,0.3093017707593035
2026-08-13,Gas Charges for Q1,21,2444.1382906291788,553.5885101325821,0.22649639435503274
2026-08-13,Gents Sandal Bata,21,2380.0,545.326507699745,0.229128784747792
2026-08-13,Gents Sponge Chappal Bata,21,656.9117592813419,152.6350167762911,0.23235238922084914
2026-08-13,Georgette (Average Quality),21,308.2425025166653,94.96866504247,0.3080972424863293
2026-08-13,Gur (Average Quality),21,220.6595861731035,54.531366272570835,0.24712892477642895
2026-08-13,Hi-Speed Diesel,21,358.8381119983094,82.67847054553152,0.23040604601643053
2026-08-13,LPG 11.67 kg Cylinder,21,4194.851620631314,1045.7508480905396,0.24929388275553757
2026-08-13,Ladies Sandal Bata,21,1419.6502621315651,322.11350858107875,0.22689638228040357
2026-08-13,Lawn Printed Gul Ahmed/Al Karam,21,655.3608869218782,181.80209540895322,0.27740760707104084
2026-08-13,"Long Cloth 57"" Gul Ahmed/Al Karam",21,662.0889027073976,182.06429013430213,0.2749846574830198
2026-08-13,Match Box,21,6.050073495636196,1.4479177257162874,0.2393223366229589
2026-08-13,Milk fresh (Un-boiled),21,207.56552179962893,51.602172206684195,0.2486066653039698
2026-08-13,Mustard Oil (Average Quality),21,533.8589251680316,135.22226496388998,0.2532921312897951
2026-08-13,Mutton (Average Quality),21,2258.085941197482,584.0403136867185,0.25864397055543287
2026-08-13,Onions,21,136.0339249699051,45.387074479323466,0.3336452615725415
2026-08-13,Petrol Super,21,307.6518362629085,68.76059066289966,0.22350131726221606
2026-08-13,Potatoes,21,54.98176289427749,24.340826311855118,0.44270727293083056
2026-08-13,Powdered Milk NIDO 390 gm Polybag,21,1097.0045375052166,250.99443338604317,0.2287998133142176
2026-08-13,Pulse Gram,21,253.9489510924755,69.18520252104841,0.2724374415543643
2026-08-13,Pulse Mash (Washed),21,431.13773399014775,105.26844516513952,0.2441643049678994
2026-08-13,Pulse Masoor (Washed),21,249.396545463098,62.84551041152379,0.25199030040623693
2026-08-13,Pulse Moong (Washed),21,349.1117984238278,88.95499125127766,0.25480373809447926
2026-08-13,Rice Basmati Broken (Average Quality),21,210.00595770235833,60.59000855865452,0.28851566508664866
2026-08-13,Rice IRRI-6/9 (Sindh/Punjab),21,126.37683455068715,66.19098573635893,0.5237588516256995
2026-08-13,Salt Powdered (NATIONAL/SHAN) 800 gm Packet,21,59.989556172629875,15.690442934606445,0.2615529091339599
2026-08-13,Shirting (Average Quality),21,536.09700842272,191.22262938442174,0.3566940803251788
2026-08-13,Sufi Washing Soap 250 gm Cake,21,134.8577010175197,31.18408673623236,0.23123697423984083
2026-08-13,Sugar Refined,21,143.00810280067557,31.774746901559055,0.22218843743313368
2026-08-13,Tea Lipton Yellow Label 190 gm Packet,21,439.5660757272144,103.98950923624744,0.23657310010607183
2026-08-13,Tea Prepared Ordinary,21,62.74615922496972,16.508401880673226,0.26309820528590594
2026-08-13,Telephone Call Charges,21,1.7047619047619047,0.39061002352242635,0.229128784747792
2026-08-13,Toilet Soap LIFEBUOY 115 gm,21,120.79259758272242,27.842508037748296,0.2304984626121721
2026-08-13,Tomatoes,21,225.74996084813324,79.1481961716366,0.35060115126611807
2026-08-13,Vegetable Ghee DALDA/HABIB 2.5 kg Tin,21,1483.2104752605817,339.93068272534344,0.22918573486047006
2026-08-13,Vegetable Ghee DALDA/HABIB or Other superior Quality 1 kg Pouch,21,579.6501824939718,131.99105536520156,0.22770812353979417
2026-08-13,Wheat Flour Bag,21,2450.7506288577874,661.2920519758285,0.2698324522246617
2026-08-20,2,21,35.19047619047619,18.890788886700967,0.5368153810835187
2026-08-20,Bananas (Kela) Local,21,174.53768841920532,52.344352037387225,0.2999028605882894
2026-08-20,Beef with Bone (Average Quality),21,1201.6950596428837,297.95494885614613,0.24794555529311366
2026-08-20,Bread plain (Small Size),21,112.97487435256335,26.80086786827807,0.23722856982022364
2026-08-20,Chicken Farm Broiler (Live),21,361.618966064066,88.87392517728213,0.2457667697704131
2026-08-20,Chilies Powder NATIONAL 200 gm Packet,21,351.58689025319586,81.97513600514912,0.23315754448669743
2026-08-20,Cigarettes Capstan 20'S Packet,21,239.7571980026731,54.55853897105429,0.2275574599034395
2026-08-20,Cooked Beef at Average Hotel,21,309.67255025600605,83.00724478437387,0.26804844251049004
2026-08-20,Cooked Daal at Average Hotel,21,168.48785718724753,45.07634741383649,0.267534694584793
2026-08-20,"Cooking Oil DALDA or Other Similar Brand (SN), 5 Litre Tin",21,2916.7340626757314,669.199964726864,0.22943468631245675
2026-08-20,Curd (Dahi) Loose,21,243.5097179784597,65.62817537786896,0.2695094714194292
2026-08-20,Eggs Hen (Farm),21,242.0025113267334,58.878712605985775,0.24329794051803127
2026-08-20,Electricity Charges for Q1*,21,5.964470943636219,1.3161325165494175,0.22066207195688706
2026-08-20,Energy Saver Philips 14 Watt,21,395.14538816041306,140.00580039223405,0.3543146512326176
2026-08-20,Firewood Whole,21,1445.5740335300518,438.3200959315279,0.30321525274022965
2026-08-20,Garlic (Lehsun),21,368.6801564637218,111.80139748620708,0.3032476674594456
2026-08-20,Gas Charges for Q1,21,2444.1382906291788,553.5885101325821,0.22649639435503274
2026-08-20,Gents Sandal Bata,21,2380.0,545.326507699745,0.229128784747792
2026-08-20,Gents Sponge Chappal Bata,21,656.9117592813419,152.6350167762911,0.23235238922084914
2026-08-20,Georgette (Average Quality),21,308.2425025166653,94.96866504247,0.3080972424863293
2026-08-20,Gur (Average Quality),21,220.92196712548443,54.58547549137513,0.2470803433520506
2026-08-20,Hi-Speed Diesel,21,341.23525485545224,77.7207067730756,0.22776282833377873
2026-08-20,LPG 11.67 kg Cylinder,21,4156.864001583695,1032.2281762165637,0.24831896733289857
2026-08-20,Ladies Sandal Bata,21,1419.6502621315651,322.11350858107875,0.22689638228040357
2026-08-20,Lawn Printed Gul Ahmed/Al Karam,21,655.3851726361639,181.80230187092627,0.2773976425796461
2026-08-20,"Long Cloth 57"" Gul Ahmed/Al Karam",21,662.1169979454928,182.06349651437017,0.27497179060392907
2026-08-20,Match Box,21,6.050073495636196,1.4479177257162874,0.2393223366229589
2026-08-20,Milk fresh (Un-boiled),21,207.8817122758194,51.67548020807588,0.24858117456485238
2026-08-20,Mustard Oil (Average Quality),21,534.0422585013649,135.22898590578913,0.2532177627389828
2026-08-20,Mutton (Average Quality),21,2258.085941197482,584.0403136867185,0.25864397055543287
2026-08-20,Onions,21,155.1620202080003,53.65396978664314,0.34579318904663686
2026-08-20,Petrol Super,21,318.2208838819561,71.95145621530678,0.22610538735728336
2026-08-20,Potatoes,21,54.31462003713463,24.090263734283866,0.4435318468179189
2026-08-20,Powdered Milk NIDO 390 gm Polybag,21,1097.7907279814071,251.2096796186836,0.22883202892467702
2026-08-20,Pulse Gram,21,255.9737129972374,69.49474249195943,0.27149171560717816
2026-08-20,Pulse Mash (Washed),21,430.4191625615764,105.14211345095865,0.2442784211214501
2026-08-20,Pulse Masoor (Washed),21,249.00702165357416,62.689007631606856,0.25175598348717104
2026-08-20,Pulse Moong (Washed),21,347.3508460428754,89.81460687512816,0.2585702839026391
2026-08-20,Rice Basmati Broken (Average Quality),21,210.26405294045358,60.48161831708562,0.28764602161556313
2026-08-20,Rice IRRI-6/9 (Sindh/Punjab),21,126.37683455068715,66.19098573635893,0.5237588516256995
2026-08-20,Salt Powdered (NATIONAL/SHAN) 800 gm Packet,21,59.989556172629875,15.690442934606445,0.2615529091339599
2026-08-20,Shirting (Average Quality),21,536.2003417560534,191.26066995385517,0.3566962850629253
2026-08-20,Sufi Washing Soap 250 gm Cake,21,135.003415303234,31.22675415050031,0.23130343836384615
2026-08-20,Sugar Refined,21,142.80572184829464,31.8677861389216,0.22315482689674984
2026-08-20,Tea Lipton Yellow Label 190 gm Packet,21,440.90274239388106,104.25356516667732,0.2364547895543418
2026-08-20,Tea Prepared Ordinary,21,63.24425446306496,17.16538861473789,0.27141419818242274
2026-08-20,Telephone Call Charges,21,1.7047619047619047,0.39061002352242635,0.229128784747792
2026-08-20,Toilet Soap LIFEBUOY 115 gm,21,121.55640710653195,28.044619663516503,0.2307128051172014
2026-08-20,Tomatoes,21,216.03710370527608,72.90066536096782,0.3374451152632604
2026-08-20,Vegetable Ghee DALDA/HABIB 2.5 kg Tin,21,1483.9666657367723,340.13741247937753,0.22920825671680653
2026-08-20,Vegetable Ghee DALDA/HABIB or Other superior Quality 1 kg Pouch,21,580.3587539225433,132.17672199644613,0.22775002720832035
2026-08-20,Wheat Flour Bag,21,2457.8092002863586,649.7150555725949,0.26434723065439614
2026-08-27,2,21,35.19047619047619,18.890788886700967,0.5368153810835187
2026-08-27,Bananas (Kela) Local,21,170.37530746682435,52.282582221365246,0.3068671334990592
2026-08-27,Beef with Bone (Average Quality),21,1202.3298215476455,298.1390415553709,0.2479677674230892
2026-08-27,Bread plain (Small Size),21,112.97487435256335,26.80086786827807,0.23722856982022364
2026-08-27,Chicken Farm Broiler (Live),21,348.41658511168504,88.76010139466375,0.2547528022129362
2026-08-27,Chilies Powder NATIONAL 200 gm Packet,21,351.58689025319586,81.97513600514912,0.23315754448669743
2026-08-27,Cigarettes Capstan 20'S Packet,21,240.11053133600646,54.669677766302954,0.2276854641156875
2026-08-27,Cooked Beef at Average Hotel,21,309.79207406552985,83.01098319704813,0.2679570916959255
2026-08-27,Cooked Daal at Average Hotel,21,168.48785718724753,45.07634741383649,0.267534694584793
2026-08-27,"Cooking Oil DALDA or Other Similar Brand (SN), 5 Litre Tin",21,2917.9945388662077,669.5167752426336,0.2294441495091953
2026-08-27,Curd (Dahi) Loose,21,243.5097179784597,65.62817537786896,0.2695094714194292
2026-08-27,Eggs Hen (Farm),21,242.81346370768577,58.79368844014177,0.2421352075884941
2026-08-27,Electricity Charges for Q1*,21,6.0758995150647905,1.3481733781122827,0.2218886890360145
2026-08-27,Energy Saver Philips 14 Watt,21,395.14538816041306,140.00580039223405,0.3543146512326176
2026-08-27,Firewood Whole,21,1445.6830811490995,438.2933839710486,0.30317390421604135
2026-08-27,Garlic (Lehsun),21,366.06777551134087,113.20139057130203,0.3092361528221842
2026-08-27,Gas Charges for Q1,21,2444.1382906291788,553.5885101325821,0.22649639435503274
2026-08-27,Gents Sandal Bata,21,2380.0,545.326507699745,0.229128784747792
2026-08-27,Gents Sponge Chappal Bata,21,656.9117592813419,152.6350167762911,0.23235238922084914
2026-08-27,Georgette (Average Quality),21,308.40440727857003,94.97774594758327,0.30796494377524725
2026-08-27,Gur (Average Quality),21,220.88625283977012,54.65657909042801,0.24744219428664782
2026-08-27,Hi-Speed Diesel,21,348.87382628402366,80.1900742675004,0.22985408542002922
2026-08-27,LPG 11.67 kg Cylinder,21,4293.512096821791,1088.7157079022536,0.2535722931136399
2026-08-27,Ladies Sandal Bata,21,1419.6502621315651,322.11350858107875,0.22689638228040357
2026-08-27,Lawn Printed Gul Ahmed/Al Karam,21,655.8942202552116,181.6647819613558,0.2769726830199375
2026-08-27,"Long Cloth 57"" Gul Ahmed/Al Karam",21,662.1512836597785,182.06265137281804,0.2749562764064112
2026-08-27,Match Box,21,6.050073495636196,1.4479177257162874,0.2393223366229589
2026-08-27,Milk fresh (Un-boiled),21,207.8921884662956,51.67419725382368,0.2485624767098997
2026-08-27,Mustard Oil (Average Quality),21,535.5794013585078,134.55313894552694,0.251229114869299
2026-08-27,Mutton (Average Quality),21,2258.6964173879583,584.6584396717687,0.25884772967758535
2026-08-27,Onions,21,151.6572583032384,54.741151785355896,0.36095306217326617
2026-08-27,Petrol Super,21,323.19612197719425,73.49830891180427,0.22741086267424504
2026-08-27,Potatoes,21,54.21842956094416,24.19903148468464,0.44632483236136056
2026-08-27,Powdered Milk NIDO 390 gm Polybag,21,1098.1264422671215,251.32297952357845,0.22886524707001238
2026-08-27,Pulse Gram,21,257.62085585438024,68.59277594757978,0.26625474758282663
2026-08-27,Pulse Mash (Washed),21,431.02916256157636,105.48373468783177,0.24472528508500274
2026-08-27,Pulse Masoor (Washed),21,249.72797403452654,63.24851291611346,0.25326963533275987
2026-08-27,Pulse Moong (Washed),21,346.5503698523992,90.43455796925087,0.2609564606950737
2026-08-27,Rice Basmati Broken (Average Quality),21,209.29310055950123,59.322757751531,0.2834434465013134
2026-08-27,Rice IRRI-6/9 (Sindh/Punjab),21,125.90207264592523,65.90317194937114,0.5234478715430748
2026-08-27,Salt Powdered (NATIONAL/SHAN) 800 gm Packet,21,59.989556172629875,15.690442934606445,0.2615529091339599
2026-08-27,Shirting (Average Quality),21,536.2003417560534,191.26066995385517,0.3566962850629253
2026-08-27,Sufi Washing Soap 250 gm Cake,21,135.003415303234,31.22675415050031,0.23130343836384615
2026-08-27,Sugar Refined,21,142.62572184829463,31.877086225919367,0.22350166444609318
2026-08-27,Tea Lipton Yellow Label 190 gm Packet,21,440.90274239388106,104.25356516667732,0.2364547895543418
2026-08-27,Tea Prepared Ordinary,21,63.36711160592211,17.239697505236972,0.2720606489443618
2026-08-27,Telephone Call Charges,21,1.7047619047619047,0.39061002352242635,0.229128784747792
2026-08-27,Toilet Soap LIFEBUOY 115 gm,21,122.55735948748432,28.20146119230324,0.2301082636753707
2026-08-27,Tomatoes,21,180.4109132290856,63.876146318825064,0.35405921501941073
2026-08-27,Vegetable Ghee DALDA/HABIB 2.5 kg Tin,21,1484.6528562129627,340.347332584819,0.2292437125355846
2026-08-27,Vegetable Ghee DALDA/HABIB or Other superior Quality 1 kg Pouch,21,580.3587539225433,132.17672199644613,0.22775002720832035
2026-08-27,Wheat Flour Bag,21,2476.9025336196923,645.3260437223587,0.260537520133783
