commodity_raw,observed_changes,volatility_std
2,308,126.02172513524211
Bananas (Kela) Local,308,412.20533600830436
Beef with Bone (Average Quality),308,1276.58474954283
Bread plain (Small Size),308,610.1750588686783
Chicken Farm Broiler (Live),308,1153.8807048866531
Chilies Powder NATIONAL 200 gm Packet,308,745.665898020165
Cigarettes Capstan 20'S Packet,308,941.5086946644609
Cooked Beef at Average Hotel,308,743.6238415410676
Cooked Daal at Average Hotel,308,343.86843490112693
"Cooking Oil DALDA or Other Similar Brand (SN), 5 Litre Tin",308,162325.8896993331
Curd (Dahi) Loose,308,756.5988715764518
Eggs Hen (Farm),308,2386.101229203702
Electricity Charges for Q1*,308,193.99705676294437
Energy Saver Philips 14 Watt,308,1823.6028550508543
Firewood Whole,308,2284.1883394550387
Garlic (Lehsun),308,2276.0930702563546
Gas Charges for Q1,308,971.1325799912355
Gents Sandal Bata,308,
Gents Sponge Chappal Bata,308,
Georgette (Average Quality),308,947.405297426323
Gur (Average Quality),308,2346.720529950218
Hi-Speed Diesel,308,819.8896537116625
LPG 11.67 kg Cylinder,308,16868.23948760964
Ladies Sandal Bata,308,952.3337117113064
Lawn Printed Gul Ahmed/Al Karam,308,1533.2908790160216
"Long Cloth 57"" Gul Ahmed/Al Karam",308,1642.2173649161405
Match Box,308,174.9829986201204
Milk fresh (Un-boiled),308,640.4860722742551
Mustard Oil (Average Quality),308,3263.8007609626447
Mutton (Average Quality),308,3819.383734880565
Onions,308,144.88385822584678
Petrol Super,308,768.718857322788
Potatoes,308,174.25474279722283
Powdered Milk NIDO 390 gm Polybag,308,1522.1365167299336
Pulse Gram,308,160.975826840224
Pulse Mash (Washed),308,2079.078234174157
Pulse Masoor (Washed),308,968.9597203238599
Pulse Moong (Washed),308,1378.51109932071
Rice Basmati Broken (Average Quality),308,533.4105670518566
Rice IRRI-6/9 (Sindh/Punjab),308,
Salt Powdered (NATIONAL/SHAN) 800 gm Packet,308,164.15740811209236
Shirting (Average Quality),308,1241.5689576021496
Sufi Washing Soap 250 gm Cake,308,2070.964621176563
Sugar Refined,308,802.8179786698623
Tea Lipton Yellow Label 190 gm Packet,308,1058.6270062513722
Tea Prepared Ordinary,308,243.46351022638171
Telephone Call Charges,308,
Toilet Soap LIFEBUOY 115 gm,308,1459.8548728354276
Tomatoes,308,2227.9448042749914
Vegetable Ghee DALDA/HABIB 2.5 kg Tin,308,6432.245503303497
Vegetable Ghee DALDA/HABIB or Other superior Quality 1 kg Pouch,308,2007.6038678943771
Wheat Flour Bag,308,1612.5957160526943
