week_end,year,release_page_url,annexure_url,artifact_type,release_page_found,annexure_found,downloaded,parsed,http_status,sheet_names,rows,columns,city_count,item_count,notes
2025-10-30,2025,https://www.pbs.gov.pk/weekly-sensitive-price-indicator-spi-for-the-week-ended-on-30-10-2025/,https://www.pbs.gov.pk/wp-content/uploads/2020/07/Annex_30.10.2025.xlsx,xlsx,True,True,True,True,200,Appendix-A|Appendix-B,173,25,7,52,
2025-12-11,2025,https://www.pbs.gov.pk/weekly-sensitive-price-indicator-spi-for-the-week-ended-on-11-12-2025/,https://www.pbs.gov.pk/wp-content/uploads/2020/07/Annex_11.12.2025.xlsx,xlsx,True,True,True,True,200,Appendix-A|Appendix-B,173,25,7,52,
2025-12-24,2025,https://www.pbs.gov.pk/weekly-sensitive-price-indicator-spi-for-the-week-ended-on-24-12-2025/,https://www.pbs.gov.pk/wp-content/uploads/2020/07/Annex_24.12.2025.xlsx,xlsx,True,True,True,True,200,Appendix-A|Appendix-B,173,25,7,52,
2026-02-26,2026,https://www.pbs.gov.pk/weekly-sensitive-price-indicator-spi-for-the-week-ended-on-26-02-2026/,https://www.pbs.gov.pk/wp-content/uploads/2020/07/Annex_26.02.2026.xlsx,xlsx,True,True,True,True,200,Appendix-A|Appendix-B,173,25,7,52,
2026-03-11,2026,https://www.pbs.gov.pk/weekly-sensitive-price-indicator-spi-for-the-week-ended-on-11-03-2026/,https://www.pbs.gov.pk/wp-content/uploads/2020/07/Annex_11.03.2026.xlsx,xlsx,True,True,True,True,200,Appendix-A|Appendix-B,173,25,7,52,
2026-03-26,2026,https://www.pbs.gov.pk/weekly-sensitive-price-indicator-spi-for-the-week-ended-on-26-03-2026/,https://www.pbs.gov.pk/wp-content/uploads/2020/07/Annex_26.03.2026.xlsx,xlsx,True,True,True,True,200,Appendix-A|Appendix-B,173,25,7,52,
2026-04-02,2026,https://www.pbs.gov.pk/weekly-sensitive-price-indicator-spi-for-the-week-ended-on-02-04-2026/,https://www.pbs.gov.pk/wp-content/uploads/2020/07/Annex_02.04.2026.xlsx,xlsx,True,True,True,True,200,Appendix-A|Appendix-B,173,25,7,52,
2026-04-09,2026,https://www.pbs.gov.pk/weekly-sensitive-price-indicator-spi-for-the-week-ended-on-09-04-2026/,https://www.pbs.gov.pk/wp-content/uploads/2020/07/Annex_09.04.2026.xlsx,xlsx,True,True,True,True,200,Appendix-A|Appendix-B,173,25,7,52,
2026-05-21,2026,https://www.pbs.gov.pk/weekly-sensitive-price-indicator-spi-for-the-week-ended-on-21-05-2026/,https://www.pbs.gov.pk/wp-content/uploads/2020/07/Annex_21.05.2026.xlsx,xlsx,True,True,True,True,200,Appendix-A|Appendix-B,173,25,7,52,
2026-06-04,2026,https://www.pbs.gov.pk/weekly-sensitive-price-indicator-spi-for-the-week-ended-on-4-06-2026/,https://www.pbs.gov.pk/wp-content/uploads/2020/07/Annex_04.06.2026.xlsx,xlsx,True,True,True,True,200,Appendix-A|Appendix-B,173,25,7,52,
2026-06-11,2026,https://www.pbs.gov.pk/weekly-sensitive-price-indicator-spi-for-the-week-ended-on-11-06-2026/,https://www.pbs.gov.pk/wp-content/uploads/2020/07/Annex_11.06.2026.xlsx,xlsx,True,True,True,True,200,Appendix-A|Appendix-B,173,25,7,52,
2026-07-30,2026,https://www.pbs.gov.pk/weekly-sensitive-price-indicator-spi-for-the-week-ended-on-30-07-2026/,https://www.pbs.gov.pk/wp-content/uploads/2020/07/Annex_30.07.2026.xlsx,xlsx,True,True,True,True,200,Appendix-A|Appendix-B,173,25,7,52,
2026-08-13,2026,https://www.pbs.gov.pk/weekly-sensitive-price-indicator-spi-for-the-week-ended-on-13-08-2026/,https://www.pbs.gov.pk/wp-content/uploads/2020/07/Annex_13.08.2026.xlsx,xlsx,True,True,True,True,200,Appendix-A|Appendix-B,173,25,7,52,
2026-08-20,2026,https://www.pbs.gov.pk/weekly-sensitive-price-indicator-spi-for-the-week-ended-on-20-08-2026/,https://www.pbs.gov.pk/wp-content/uploads/2020/07/Annex_20.08.2026.xlsx,xlsx,True,True,True,True,200,Appendix-A|Appendix-B,173,25,7,52,
2026-08-27,2026,https://www.pbs.gov.pk/weekly-sensitive-price-indicator-spi-for-the-week-ended-on-27-08-2026/,https://www.pbs.gov.pk/wp-content/uploads/2020/07/Annex_27.08.2026.xlsx,xlsx,True,True,True,True,200,Appendix-A|Appendix-B,173,25,7,52,
