source,kind,week_end,url,local_path,sha256,retrieved_at_utc
PBS,release_page,2025-10-30,https://www.pbs.gov.pk/weekly-sensitive-price-indicator-spi-for-the-week-ended-on-30-10-2025/,data/raw/verification/pbs_release_2025-10-30.html,23782d449acf5f3840e012abfc6672fb0fbe4ac3526dc825f1d5ecba1f508975,2026-09-03T15:49:09.032645+00:00
PBS,release_page,2025-12-11,https://www.pbs.gov.pk/weekly-sensitive-price-indicator-spi-for-the-week-ended-on-11-12-2025/,data/raw/verification/pbs_release_2025-12-11.html,168b567e4c84def59560ed6a52ba80f9544881158c959c241303528d5d2bf1e4,2026-09-03T15:49:09.553838+00:00
PBS,release_page,2025-12-24,https://www.pbs.gov.pk/weekly-sensitive-price-indicator-spi-for-the-week-ended-on-24-12-2025/,data/raw/verification/pbs_release_2025-12-24.html,4fac1f75d720cd94e8387a453a57ed80d8101c66d3970cee9c84414225a506ef,2026-09-03T15:49:10.283782+00:00
PBS,release_page,2026-02-26,https://www.pbs.gov.pk/weekly-sensitive-price-indicator-spi-for-the-week-ended-on-26-02-2026/,data/raw/verification/pbs_release_2026-02-26.html,9598bee8cd77b0c5860bd6488b1b18471bc1877a6daed9a3aeb46325a31968f7,2026-09-03T15:49:10.912821+00:00
PBS,release_page,2026-03-11,https://www.pbs.gov.pk/weekly-sensitive-price-indicator-spi-for-the-week-ended-on-11-03-2026/,data/raw/verification/pbs_release_2026-03-11.html,3a5099beba74757249add4fbc2650fa25a760c89890c1862c488a196ddf481cf,2026-09-03T15:49:11.709559+00:00
PBS,release_page,2026-03-26,https://www.pbs.gov.pk/weekly-sensitive-price-indicator-spi-for-the-week-ended-on-26-03-2026/,data/raw/verification/pbs_release_2026-03-26.html,a69a63b5c2e4dfb38b51da128d4fde8e5e39a2867e9f6886ae09e8baa89faaa1,2026-09-03T15:49:12.556542+00:00
PBS,release_page,2026-04-02,https://www.pbs.gov.pk/weekly-sensitive-price-indicator-spi-for-the-week-ended-on-02-04-2026/,data/raw/verification/pbs_release_2026-04-02.html,f3e9201d9ac8ed9620bd45f5f66a5421798e792679fc8bc7f309f3f4148646cd,2026-09-03T15:49:13.522541+00:00
PBS,release_page,2026-04-09,https://www.pbs.gov.pk/weekly-sensitive-price-indicator-spi-for-the-week-ended-on-09-04-2026/,data/raw/verification/pbs_release_2026-04-09.html,9d7f9b591a608fed60efe1ae03b82563ffe1c38a276654ce049ca668ea500590,2026-09-03T15:49:14.010167+00:00
PBS,release_page,2026-05-21,https://www.pbs.gov.pk/weekly-sensitive-price-indicator-spi-for-the-week-ended-on-21-05-2026/,data/raw/verification/pbs_release_2026-05-21.html,fb15f863a0ac79a181e415c98076c25d8658904a2005ac4799ec9582b2e7b201,2026-09-03T15:49:14.500541+00:00
PBS,release_page,2026-06-04,https://www.pbs.gov.pk/weekly-sensitive-price-indicator-spi-for-the-week-ended-on-4-06-2026/,data/raw/verification/pbs_release_2026-06-04.html,02b842a2a36e66e852348973a93c9774815925c3f146e838387c5deed58c1580,2026-09-03T15:49:14.961235+00:00
PBS,release_page,2026-06-11,https://www.pbs.gov.pk/weekly-sensitive-price-indicator-spi-for-the-week-ended-on-11-06-2026/,data/raw/verification/pbs_release_2026-06-11.html,edc212bc68c1540b626df48f16ad5b4841fada381525c16bcf76f6893032171f,2026-09-03T15:49:15.440293+00:00
PBS,release_page,2026-07-30,https://www.pbs.gov.pk/weekly-sensitive-price-indicator-spi-for-the-week-ended-on-30-07-2026/,data/raw/verification/pbs_release_2026-07-30.html,33cd7eb059f84b7d01702480253611ba70ffeecda77ee0ca8ceeab4335c6b198,2026-09-03T15:49:15.935930+00:00
PBS,release_page,2026-08-13,https://www.pbs.gov.pk/weekly-sensitive-price-indicator-spi-for-the-week-ended-on-13-08-2026/,data/raw/verification/pbs_release_2026-08-13.html,94c6b05e91e09ac8d2378bdd91622d220cab6e53190452365babe228b864f093,2026-09-03T15:49:16.406163+00:00
PBS,release_page,2026-08-20,https://www.pbs.gov.pk/weekly-sensitive-price-indicator-spi-for-the-week-ended-on-20-08-2026/,data/raw/verification/pbs_release_2026-08-20.html,4b55b5a428b10cb42a9f27562e7cf0e77b5a0ef27a07445c448dfbff8830e46e,2026-09-03T15:49:16.860757+00:00
PBS,release_page,2026-08-27,https://www.pbs.gov.pk/weekly-sensitive-price-indicator-spi-for-the-week-ended-on-27-08-2026/,data/raw/verification/pbs_release_2026-08-27.html,c3c1534b4ba6114aacb1e4c8897b126b4f6fe69aa1888a771daaf30b5ff4ce26,2026-09-03T15:49:17.346509+00:00
PBS,annexure_xlsx,2025-10-30,https://www.pbs.gov.pk/wp-content/uploads/2020/07/Annex_30.10.2025.xlsx,data/raw/verification/pbs_annex_2025-10-30.xlsx,37c9f1d85390adc64db192ce822f7b973e29d000d4d162c397c62f591ec7e3f3,2026-09-03T15:49:17.491390+00:00
PBS,annexure_xlsx,2025-12-11,https://www.pbs.gov.pk/wp-content/uploads/2020/07/Annex_11.12.2025.xlsx,data/raw/verification/pbs_annex_2025-12-11.xlsx,4cb04daae6eab10f20d4c898b1258db63c6167422ba4744c97d5aa365e3828d2,2026-09-03T15:49:18.615535+00:00
PBS,annexure_xlsx,2025-12-24,https://www.pbs.gov.pk/wp-content/uploads/2020/07/Annex_24.12.2025.xlsx,data/raw/verification/pbs_annex_2025-12-24.xlsx,fe05006f4610ec72912a6e896623de0e29b809e67d4ed10cf5659a730857b8fd,2026-09-03T15:49:19.067582+00:00
PBS,annexure_xlsx,2026-02-26,https://www.pbs.gov.pk/wp-content/uploads/2020/07/Annex_26.02.2026.xlsx,data/raw/verification/pbs_annex_2026-02-26.xlsx,b2f6d41b10e9231698b35ee6a8722ea6b9491705791f19de937831ae3081566e,2026-09-03T15:49:19.571759+00:00
PBS,annexure_xlsx,2026-03-11,https://www.pbs.gov.pk/wp-content/uploads/2020/07/Annex_11.03.2026.xlsx,data/raw/verification/pbs_annex_2026-03-11.xlsx,36abb7818252d9e1ea745abc6088c1da3a476985061b7057449ef101b46394e9,2026-09-03T15:49:20.015415+00:00
PBS,annexure_xlsx,2026-03-26,https://www.pbs.gov.pk/wp-content/uploads/2020/07/Annex_26.03.2026.xlsx,data/raw/verification/pbs_annex_2026-03-26.xlsx,8c7434ff5d0de0297774456bcb233c27323e5d84f5513325e7efdbf2429c278f,2026-09-03T15:49:20.851491+00:00
PBS,annexure_xlsx,2026-04-02,https://www.pbs.gov.pk/wp-content/uploads/2020/07/Annex_02.04.2026.xlsx,data/raw/verification/pbs_annex_2026-04-02.xlsx,bdfa43249dc62f467a3f50932243e4e6c1443aa57382e73a68bee6d09d3033c2,2026-09-03T15:49:21.390850+00:00
PBS,annexure_xlsx,2026-04-09,https://www.pbs.gov.pk/wp-content/uploads/2020/07/Annex_09.04.2026.xlsx,data/raw/verification/pbs_annex_2026-04-09.xlsx,7eb09b790629aeb649f9c552e26cd9c872b1acb4d0778c2a7092bf9bd08b691e,2026-09-03T15:49:21.836854+00:00
PBS,annexure_xlsx,2026-05-21,https://www.pbs.gov.pk/wp-content/uploads/2020/07/Annex_21.05.2026.xlsx,data/raw/verification/pbs_annex_2026-05-21.xlsx,b7fbda404906799301e49498788fbb053af1aa528a3167cc48ce4f54f1fc8a90,2026-09-03T15:49:22.322380+00:00
PBS,annexure_xlsx,2026-06-04,https://www.pbs.gov.pk/wp-content/uploads/2020/07/Annex_04.06.2026.xlsx,data/raw/verification/pbs_annex_2026-06-04.xlsx,087a9db2cff0ef3633beced6e1ffd0485ca9a7af2e9866a2978361d745c284ba,2026-09-03T15:49:22.873005+00:00
PBS,annexure_xlsx,2026-06-11,https://www.pbs.gov.pk/wp-content/uploads/2020/07/Annex_11.06.2026.xlsx,data/raw/verification/pbs_annex_2026-06-11.xlsx,562d19a057eed301299634e6ead25df9f31cd6749e0dd846393361436cf3184a,2026-09-03T15:49:23.467393+00:00
PBS,annexure_xlsx,2026-07-30,https://www.pbs.gov.pk/wp-content/uploads/2020/07/Annex_30.07.2026.xlsx,data/raw/verification/pbs_annex_2026-07-30.xlsx,868e9ce0cc97b1f22968db5ba3ba2d0fca72f1467f097ce1682edfdbb3937c5f,2026-09-03T15:49:23.960835+00:00
PBS,annexure_xlsx,2026-08-13,https://www.pbs.gov.pk/wp-content/uploads/2020/07/Annex_13.08.2026.xlsx,data/raw/verification/pbs_annex_2026-08-13.xlsx,e1fe5edf735f268cc617aa6e80ad1820d3940c05b907da6f1adc87ac30571dd4,2026-09-03T15:49:24.502789+00:00
PBS,annexure_xlsx,2026-08-20,https://www.pbs.gov.pk/wp-content/uploads/2020/07/Annex_20.08.2026.xlsx,data/raw/verification/pbs_annex_2026-08-20.xlsx,7a8f911c06632f97790aeb96545b862fa5e6543ee2ae4aa5224e18304f0afce8,2026-09-03T15:49:24.958545+00:00
PBS,annexure_xlsx,2026-08-27,https://www.pbs.gov.pk/wp-content/uploads/2020/07/Annex_27.08.2026.xlsx,data/raw/verification/pbs_annex_2026-08-27.xlsx,340676d1c565446bf01a3f99a4e64382cf754cf4c0cd8fcfb5da40187eda5780,2026-09-03T15:49:25.436477+00:00
